"abundance","AverageShortestPathLength","BetweennessCentrality","ClosenessCentrality","ClusteringCoefficient","degree","Eccentricity","IsSingleNode","Label","name","negdegree","NeighborhoodConnectivity","NumberOfDirectedEdges","NumberOfUndirectedEdges","oriID","PartnerOfMultiEdgedNodePairs","posdegree","Radiality","samplecount","selected","SelfLoops","shared name","Stress","TopologicalCoefficient","unknowndegree"
"6864.2206896551725","5.262295081967213","0.0","0.19003115264797507","0.0","1","8","false","1cc26aa1f35ba2be847b6dd84b6fdfc7","1cc26aa1f35ba2be847b6dd84b6fdfc7","0","15.0","0","1","1cc26aa1f35ba2be847b6dd84b6fdfc7","0","1","0.7970335675253708","7","false","0","1cc26aa1f35ba2be847b6dd84b6fdfc7","0","0.0","0"
"167.95999999999998","4.319672131147541","0.0","0.23149905123339662","0.0","1","7","false","4a675824a20834a81389c9f1067a9be0","4a675824a20834a81389c9f1067a9be0","1","11.0","0","1","4a675824a20834a81389c9f1067a9be0","0","0","0.8419203747072599","4","false","0","4a675824a20834a81389c9f1067a9be0","0","0.0","0"
"214.03260869565167","4.311475409836065","0.02006135038968901","0.23193916349809887","0.0","3","7","false","8b11184fdafa648f8391e792609c6de1","8b11184fdafa648f8391e792609c6de1","2","9.0","0","3","8b11184fdafa648f8391e792609c6de1","0","1","0.8423106947697112","4","false","0","8b11184fdafa648f8391e792609c6de1","8712","0.3333333333333333","0"
"7191.13","3.9344262295081966","0.018605740464307068","0.25416666666666665","0.0","3","6","false","bc065520474f1c3e7517126336bfebfd","bc065520474f1c3e7517126336bfebfd","1","6.666666666666667","0","3","bc065520474f1c3e7517126336bfebfd","0","2","0.8602654176424668","8","false","0","bc065520474f1c3e7517126336bfebfd","12282","0.3333333333333333","0"
"1687.80666666667","4.069672131147541","0.013890404815248454","0.24572004028197383","0.3333333333333333","4","6","false","bf564314544dfcfa13a351b97505a62b","bf564314544dfcfa13a351b97505a62b","0","7.75","0","4","bf564314544dfcfa13a351b97505a62b","0","4","0.8538251366120219","3","false","0","bf564314544dfcfa13a351b97505a62b","4324","0.28703703703703703","0"
"234.5014285714282","5.60655737704918","0.0","0.17836257309941522","1.0","2","9","false","e6762792812331207818c8a4a44d412c","e6762792812331207818c8a4a44d412c","0","6.5","0","2","e6762792812331207818c8a4a44d412c","0","2","0.7806401249024201","3","false","0","e6762792812331207818c8a4a44d412c","0","0.65","0"
"1240.292035398234","4.131147540983607","0.012521227864990981","0.24206349206349206","0.3333333333333333","3","7","false","fb80fe8b3397871f05d2752435a42a7f","fb80fe8b3397871f05d2752435a42a7f","1","9.666666666666666","0","3","fb80fe8b3397871f05d2752435a42a7f","0","2","0.8508977361436378","3","false","0","fb80fe8b3397871f05d2752435a42a7f","15816","0.37333333333333335","0"
"10046.376","4.94672131147541","0.010278632128597394","0.20215410107705054","0.0","3","9","false","17cebc3125bb98e1f569067366397a35","17cebc3125bb98e1f569067366397a35","1","7.666666666666667","0","3","17cebc3125bb98e1f569067366397a35","0","2","0.8120608899297423","9","false","0","17cebc3125bb98e1f569067366397a35","4862","0.3333333333333333","0"
"222.6923076923077","4.754098360655738","7.637516361336464E-4","0.21034482758620687","0.4666666666666667","6","7","false","c1e432b1b508695759218a40191089d2","c1e432b1b508695759218a40191089d2","0","10.666666666666666","0","6","c1e432b1b508695759218a40191089d2","0","6","0.8212334113973457","4","false","0","c1e432b1b508695759218a40191089d2","3340","0.4444444444444444","0"
"4632.81","3.7827868852459017","0.030139757622012757","0.26435536294691225","0.42857142857142855","7","6","false","ba76dc33a0b9e12298f934c8444c2971","ba76dc33a0b9e12298f934c8444c2971","0","8.714285714285714","0","7","ba76dc33a0b9e12298f934c8444c2971","0","7","0.8674863387978142","4","false","0","ba76dc33a0b9e12298f934c8444c2971","13756","0.25210084033613445","0"
"464.57","4.967213114754099","0.0","0.20132013201320131","1.0","2","8","false","864564cc91e811e14dc46e18dc08305d","864564cc91e811e14dc46e18dc08305d","0","8.5","0","2","864564cc91e811e14dc46e18dc08305d","0","2","0.8110850897736144","3","false","0","864564cc91e811e14dc46e18dc08305d","0","0.6071428571428571","0"
"1327.9841269841281","5.098360655737705","0.002136995679150499","0.19614147909967847","0.0","2","8","false","88cebbc1e879414a0d61100d62da8a4c","88cebbc1e879414a0d61100d62da8a4c","0","8.0","0","2","88cebbc1e879414a0d61100d62da8a4c","0","2","0.804839968774395","3","false","0","88cebbc1e879414a0d61100d62da8a4c","4968","0.5384615384615384","0"
"410.817757009346","4.217213114754099","0.002119888282564376","0.23712342079689017","0.8214285714285714","8","7","false","b840b08c3387cb578c1923de74cf87a0","b840b08c3387cb578c1923de74cf87a0","0","9.875","0","8","b840b08c3387cb578c1923de74cf87a0","0","8","0.8467993754879001","1","false","0","b840b08c3387cb578c1923de74cf87a0","3040","0.35267857142857145","0"
"205.245","4.75","0.0","0.21052631578947367","1.0","4","7","false","f284a202ab00f4eb08dd1783a8f29c4e","f284a202ab00f4eb08dd1783a8f29c4e","0","8.5","0","4","f284a202ab00f4eb08dd1783a8f29c4e","0","4","0.8214285714285714","3","false","0","f284a202ab00f4eb08dd1783a8f29c4e","0","0.4722222222222222","0"
"12139.765","4.479508196721311","0.013220888400779595","0.22323879231473012","0.3333333333333333","3","7","false","2ffff9cdff15894476f015c13909782a","2ffff9cdff15894476f015c13909782a","1","5.0","0","3","2ffff9cdff15894476f015c13909782a","0","2","0.8343091334894613","5","false","0","2ffff9cdff15894476f015c13909782a","8326","0.3888888888888889","0"
"1472.5018867924523","5.524590163934426","0.0","0.18100890207715134","0.0","1","8","false","973b2cca8846e21ed75017490b340532","973b2cca8846e21ed75017490b340532","1","8.0","0","1","973b2cca8846e21ed75017490b340532","0","0","0.7845433255269321","7","false","0","973b2cca8846e21ed75017490b340532","0","0.0","0"
"1229.47","6.344262295081967","0.0","0.15762273901808785","1.0","5","9","false","5a8b5ff39dbd81e1caeb7d6579481228","5a8b5ff39dbd81e1caeb7d6579481228","0","12.0","0","5","5a8b5ff39dbd81e1caeb7d6579481228","0","5","0.745511319281811","3","false","0","5a8b5ff39dbd81e1caeb7d6579481228","0","1.0","0"
"944.4572271386429","4.377049180327869","0.0","0.22846441947565543","1.0","2","7","false","4c4b5d296f56144482e5b67ab70d3ef9","4c4b5d296f56144482e5b67ab70d3ef9","2","12.0","0","2","4c4b5d296f56144482e5b67ab70d3ef9","0","0","0.8391881342701014","4","false","0","4c4b5d296f56144482e5b67ab70d3ef9","0","0.8571428571428571","0"
"35.480000000000004","4.401639344262295","0.02285538464290242","0.22718808193668527","0.3","5","8","false","75a7c584af656254f431b7e44ab657d3","75a7c584af656254f431b7e44ab657d3","1","12.0","0","5","75a7c584af656254f431b7e44ab657d3","0","4","0.8380171740827478","3","false","0","75a7c584af656254f431b7e44ab657d3","10816","0.3076923076923077","0"
"111.7710280373831","4.237704918032787","0.03308569243713988","0.23597678916827855","0.6","6","8","false","a9c1d3a32be4a394197c2d8da88cc5d8","a9c1d3a32be4a394197c2d8da88cc5d8","0","11.166666666666666","0","6","a9c1d3a32be4a394197c2d8da88cc5d8","0","6","0.8458235753317721","3","false","0","a9c1d3a32be4a394197c2d8da88cc5d8","13066","0.2391304347826087","0"
"4563.87","4.786885245901639","1.2040583154730089E-4","0.2089041095890411","0.6666666666666666","3","8","false","1eb2dc0b8453cf4b407dadbefa82df10","1eb2dc0b8453cf4b407dadbefa82df10","0","4.333333333333333","0","3","1eb2dc0b8453cf4b407dadbefa82df10","0","3","0.8196721311475409","5","false","0","1eb2dc0b8453cf4b407dadbefa82df10","34","0.5416666666666666","0"
"23583.07722772279","4.795081967213115","0.0","0.20854700854700856","1.0","3","7","false","0f9a15d5f90df2d074590dcd9ce43769","0f9a15d5f90df2d074590dcd9ce43769","1","5.666666666666667","0","3","0f9a15d5f90df2d074590dcd9ce43769","0","2","0.8192818110850898","3","false","0","0f9a15d5f90df2d074590dcd9ce43769","0","0.5151515151515151","0"
"3270.8506024096396","4.655737704918033","0.0","0.21478873239436622","1.0","3","7","false","40b77f3f2743fd057412b8f7e8dae44b","40b77f3f2743fd057412b8f7e8dae44b","2","5.666666666666667","0","3","40b77f3f2743fd057412b8f7e8dae44b","0","1","0.8259172521467604","6","false","0","40b77f3f2743fd057412b8f7e8dae44b","0","0.5151515151515151","0"
"279.5507692307693","4.036885245901639","0.01182034946943574","0.24771573604060915","0.3","5","6","false","c1464c1f70217db85f35ff802e3c4293","c1464c1f70217db85f35ff802e3c4293","0","13.8","0","5","c1464c1f70217db85f35ff802e3c4293","0","5","0.8553864168618267","3","false","0","c1464c1f70217db85f35ff802e3c4293","8794","0.3526315789473684","0"
"5247.189964157703","3.9918032786885247","0.0044628881515951305","0.25051334702258726","0.4","6","7","false","f2399a63bd7f7c34a3f13f7289bf6c7f","f2399a63bd7f7c34a3f13f7289bf6c7f","0","7.833333333333333","0","6","f2399a63bd7f7c34a3f13f7289bf6c7f","0","6","0.8575331772053083","7","false","0","f2399a63bd7f7c34a3f13f7289bf6c7f","3172","0.3263888888888889","0"
"1056.965","3.8442622950819674","0.009998428395742","0.2601279317697228","0.4","6","6","false","6bed610606778a536b802abebb11307a","6bed610606778a536b802abebb11307a","0","9.666666666666666","0","6","6bed610606778a536b802abebb11307a","0","6","0.8645589383294301","6","false","0","6bed610606778a536b802abebb11307a","5518","0.28431372549019607","0"
"54.183333333333294","4.864754098360656","0.00888876334955345","0.20556023588879527","0.8761904761904762","15","8","false","d35c7775f1dd2898094882e48e30623a","d35c7775f1dd2898094882e48e30623a","0","16.066666666666666","0","15","d35c7775f1dd2898094882e48e30623a","0","15","0.8159640905542545","2","false","0","d35c7775f1dd2898094882e48e30623a","3952","0.765079365079365","0"
"5707.26","5.204918032786885","0.0022591770937380093","0.1921259842519685","0.0","2","8","false","4e03c38de264c6d92c899f7ae546de17","4e03c38de264c6d92c899f7ae546de17","0","2.5","0","2","4e03c38de264c6d92c899f7ae546de17","0","2","0.7997658079625293","5","false","0","4e03c38de264c6d92c899f7ae546de17","932","0.5","0"
"29197.200303490165","4.745901639344262","0.005537115885147972","0.21070811744386875","0.0","2","7","false","95b61ee151d8cc0d60f946ce80955614","95b61ee151d8cc0d60f946ce80955614","0","2.5","0","2","95b61ee151d8cc0d60f946ce80955614","0","2","0.8216237314597971","6","false","0","95b61ee151d8cc0d60f946ce80955614","2786","0.5","0"
"462.945054945055","4.75","0.0","0.21052631578947367","1.0","17","7","false","4e5c80f69c75bf707653f4b7d9fafd35","4e5c80f69c75bf707653f4b7d9fafd35","0","17.470588235294116","0","17","4e5c80f69c75bf707653f4b7d9fafd35","0","17","0.8214285714285714","1","false","0","4e5c80f69c75bf707653f4b7d9fafd35","0","0.8319327731092437","0"
"5581.311111111108","4.323770491803279","0.018196344556487457","0.23127962085308057","0.3333333333333333","4","7","false","b97849166a9075c0977b9d78930a8823","b97849166a9075c0977b9d78930a8823","1","7.5","0","4","b97849166a9075c0977b9d78930a8823","0","3","0.8417252146760342","5","false","0","b97849166a9075c0977b9d78930a8823","8124","0.3020833333333333","0"
"12502.860240963853","4.364754098360656","0.009379854234243637","0.22910798122065726","0.5","4","7","false","0226e17918578c57b9c1e3c0dec2ce51","0226e17918578c57b9c1e3c0dec2ce51","3","7.75","0","4","0226e17918578c57b9c1e3c0dec2ce51","0","1","0.8397736143637783","7","false","0","0226e17918578c57b9c1e3c0dec2ce51","4520","0.3125","0"
"4226.734806629832","4.299180327868853","0.009332887152343285","0.23260247855100094","0.3","5","7","false","66c1c811b87a0c2b7f895b5e3a0df804","66c1c811b87a0c2b7f895b5e3a0df804","1","5.6","0","5","66c1c811b87a0c2b7f895b5e3a0df804","0","4","0.842896174863388","5","false","0","66c1c811b87a0c2b7f895b5e3a0df804","6698","0.28888888888888886","0"
"3056.8049792531137","4.028688524590164","0.006520936333340882","0.24821973550356052","0.5","5","7","false","346b428e5eed31e4d84bba059ce83ebd","346b428e5eed31e4d84bba059ce83ebd","1","6.2","0","5","346b428e5eed31e4d84bba059ce83ebd","0","4","0.8557767369242778","6","false","0","346b428e5eed31e4d84bba059ce83ebd","4096","0.29523809523809524","0"
"1553.8226495726499","4.668032786885246","9.53846480934878E-4","0.21422300263388938","0.5","4","7","false","2ef98fc64baafc0090bc7f7554f08233","2ef98fc64baafc0090bc7f7554f08233","0","6.75","0","4","2ef98fc64baafc0090bc7f7554f08233","0","4","0.8253317720530836","6","false","0","2ef98fc64baafc0090bc7f7554f08233","726","0.39705882352941174","0"
"4471.8166666666675","4.647540983606557","0.010851905587032362","0.21516754850088185","0.3333333333333333","3","8","false","ec732db6fcee5e9a331713cda9f21753","ec732db6fcee5e9a331713cda9f21753","1","5.666666666666667","0","3","ec732db6fcee5e9a331713cda9f21753","0","2","0.8263075722092116","6","false","0","ec732db6fcee5e9a331713cda9f21753","3584","0.41025641025641024","0"
"385.437623762376","1.0","0.0","1.0","1.0","6","1","false","8fb31801ce376734868a090e4384dfa7","8fb31801ce376734868a090e4384dfa7","0","6.0","0","6","8fb31801ce376734868a090e4384dfa7","0","6","1.0","1","false","0","8fb31801ce376734868a090e4384dfa7","0","1.0","0"
"47.9","4.389344262295082","3.3018989602560136E-4","0.22782446311858076","0.9743589743589743","13","8","false","23a52b37a1dacf58f5089e664345eb4a","23a52b37a1dacf58f5089e664345eb4a","0","13.692307692307692","0","13","23a52b37a1dacf58f5089e664345eb4a","0","13","0.8386026541764247","1","false","0","23a52b37a1dacf58f5089e664345eb4a","984","0.6846153846153846","0"
"1881.75091575092","6.323770491803279","0.0","0.15813350615683733","1.0","10","9","false","8c2d3cc25ff3b1e5d11aaefa2c05db65","8c2d3cc25ff3b1e5d11aaefa2c05db65","0","11.0","0","10","8c2d3cc25ff3b1e5d11aaefa2c05db65","0","10","0.7464871194379391","1","false","0","8c2d3cc25ff3b1e5d11aaefa2c05db65","0","0.9166666666666666","0"
"69795.15420560753","3.8278688524590163","7.249486336648703E-5","0.2612419700214133","0.6666666666666666","4","6","false","033fd5969b7694ae4aec3e71975ddbdf","033fd5969b7694ae4aec3e71975ddbdf","0","12.5","0","4","033fd5969b7694ae4aec3e71975ddbdf","0","4","0.8653395784543326","7","false","0","033fd5969b7694ae4aec3e71975ddbdf","84","0.46296296296296297","0"
"4298.968627450985","3.5327868852459017","0.0590816847109644","0.28306264501160094","0.25","8","6","false","80a15949bdc9de77a5bd2ee0cfeb6bb2","80a15949bdc9de77a5bd2ee0cfeb6bb2","2","6.125","0","8","80a15949bdc9de77a5bd2ee0cfeb6bb2","0","6","0.8793911007025761","5","false","0","80a15949bdc9de77a5bd2ee0cfeb6bb2","53138","0.19140625","0"
"31440.57142857139","3.401639344262295","0.04175112363529302","0.29397590361445786","0.32142857142857145","8","6","false","886afd780768ab405cc109fc2dd47f8f","886afd780768ab405cc109fc2dd47f8f","2","11.0","0","8","886afd780768ab405cc109fc2dd47f8f","0","6","0.8856362217017955","9","false","0","886afd780768ab405cc109fc2dd47f8f","60888","0.23641304347826086","0"
"6490.450980392152","4.004098360655738","0.010398320385908946","0.24974411463664276","0.3","5","6","false","f7f4d0eb5383e98ed5f98accdffc9879","f7f4d0eb5383e98ed5f98accdffc9879","3","7.0","0","5","f7f4d0eb5383e98ed5f98accdffc9879","0","2","0.8569476971116314","8","false","0","f7f4d0eb5383e98ed5f98accdffc9879","3474","0.30434782608695654","0"
"819.4798534798531","4.274590163934426","0.041887478992822726","0.2339405560882071","0.5","13","7","false","f604a7c72e09f6bff0aa9d3103cfff11","f604a7c72e09f6bff0aa9d3103cfff11","0","13.0","0","13","f604a7c72e09f6bff0aa9d3103cfff11","0","13","0.8440671350507416","2","false","0","f604a7c72e09f6bff0aa9d3103cfff11","102118","0.38009049773755654","0"
"751.410256410256","4.217213114754099","0.002119888282564376","0.23712342079689017","0.8214285714285714","8","7","false","092a1704b61349282d63d508013b5259","092a1704b61349282d63d508013b5259","0","9.875","0","8","092a1704b61349282d63d508013b5259","0","8","0.8467993754879001","1","false","0","092a1704b61349282d63d508013b5259","3040","0.35267857142857145","0"
"4137.17254901961","4.217213114754099","0.002119888282564376","0.23712342079689017","0.8214285714285714","8","7","false","c109de3877a66ed4894fb49ff8cc6722","c109de3877a66ed4894fb49ff8cc6722","0","9.875","0","8","c109de3877a66ed4894fb49ff8cc6722","0","8","0.8467993754879001","1","false","0","c109de3877a66ed4894fb49ff8cc6722","3040","0.35267857142857145","0"
"81820.58499999999","3.8278688524590163","0.01945210675906183","0.2612419700214133","0.4444444444444444","9","6","false","fffd6fe8fab7c29d20937b4b36652b1e","fffd6fe8fab7c29d20937b4b36652b1e","0","10.444444444444445","0","9","fffd6fe8fab7c29d20937b4b36652b1e","0","9","0.8653395784543326","10","false","0","fffd6fe8fab7c29d20937b4b36652b1e","23666","0.28703703703703703","0"
"15.7102803738318","4.979508196721311","1.9541755856630953E-4","0.20082304526748973","0.989010989010989","14","8","false","df5858d0b91b83739c440222f1f0aac9","df5858d0b91b83739c440222f1f0aac9","0","14.071428571428571","0","14","df5858d0b91b83739c440222f1f0aac9","0","14","0.8104996096799375","1","false","0","df5858d0b91b83739c440222f1f0aac9","1394","0.8277310924369747","0"
"43.58","4.75","0.0","0.21052631578947367","1.0","17","7","false","d24a575ffabe78c7b08b04a76c59ed4e","d24a575ffabe78c7b08b04a76c59ed4e","0","17.470588235294116","0","17","d24a575ffabe78c7b08b04a76c59ed4e","0","17","0.8214285714285714","1","false","0","d24a575ffabe78c7b08b04a76c59ed4e","0","0.8319327731092437","0"
"4.51035781544256","4.389344262295082","3.3018989602560136E-4","0.22782446311858076","0.9743589743589743","13","8","false","e81031323610237ddf48e49e7fae9696","e81031323610237ddf48e49e7fae9696","0","13.692307692307692","0","13","e81031323610237ddf48e49e7fae9696","0","13","0.8386026541764247","1","false","0","e81031323610237ddf48e49e7fae9696","984","0.6846153846153846","0"
"5.59345794392523","4.389344262295082","3.3018989602560136E-4","0.22782446311858076","0.9743589743589743","13","8","false","e957c893bd5f4b36b5944702998d6ddd","e957c893bd5f4b36b5944702998d6ddd","0","13.692307692307692","0","13","e957c893bd5f4b36b5944702998d6ddd","0","13","0.8386026541764247","1","false","0","e957c893bd5f4b36b5944702998d6ddd","984","0.6846153846153846","0"
"293685.45323741","3.3524590163934427","0.030219225771524357","0.2982885085574572","0.4696969696969697","12","6","false","34b25303a609287b77d9c44a280ee548","34b25303a609287b77d9c44a280ee548","0","12.333333333333334","0","12","34b25303a609287b77d9c44a280ee548","0","12","0.8879781420765027","10","false","0","34b25303a609287b77d9c44a280ee548","42316","0.22023809523809523","0"
"114.3881355932204","4.344262295081967","0.005720333391384095","0.23018867924528302","0.5","4","7","false","4554e0fe9c1a4fb9e1ba1ad32ad0805a","4554e0fe9c1a4fb9e1ba1ad32ad0805a","0","10.25","0","4","4554e0fe9c1a4fb9e1ba1ad32ad0805a","0","4","0.8407494145199063","3","false","0","4554e0fe9c1a4fb9e1ba1ad32ad0805a","3436","0.37037037037037035","0"
"10.9816513761468","4.389344262295082","3.3018989602560136E-4","0.22782446311858076","0.9743589743589743","13","8","false","8bb3b22d8dc9b23339762479c4fd10db","8bb3b22d8dc9b23339762479c4fd10db","0","13.692307692307692","0","13","8bb3b22d8dc9b23339762479c4fd10db","0","13","0.8386026541764247","1","false","0","8bb3b22d8dc9b23339762479c4fd10db","984","0.6846153846153846","0"
"9214.89333333333","3.610655737704918","0.012065369648880112","0.27695800227014755","0.75","8","6","false","59d9a00b301738734d7c989bf117ba3a","59d9a00b301738734d7c989bf117ba3a","1","11.625","0","8","59d9a00b301738734d7c989bf117ba3a","0","7","0.8756830601092896","9","false","0","59d9a00b301738734d7c989bf117ba3a","70812","0.375","0"
"12.6629001883239","4.979508196721311","1.9541755856630953E-4","0.20082304526748973","0.989010989010989","14","8","false","ca77a35e33b85908445ce6a36adcf035","ca77a35e33b85908445ce6a36adcf035","0","14.071428571428571","0","14","ca77a35e33b85908445ce6a36adcf035","0","14","0.8104996096799375","1","false","0","ca77a35e33b85908445ce6a36adcf035","1394","0.8277310924369747","0"
"441.293577981651","3.9262295081967213","0.0046621010485443795","0.2546972860125261","0.8263157894736842","20","6","false","ef729aa336d50336390bee40ef98cb85","ef729aa336d50336390bee40ef98cb85","0","18.15","0","20","ef729aa336d50336390bee40ef98cb85","0","20","0.8606557377049181","1","false","0","ef729aa336d50336390bee40ef98cb85","22888","0.45375","0"
"112377.31999999999","4.307377049180328","0.0","0.23215984776403426","1.0","3","7","false","bf645dd9cbf4173070c495585b4904c7","bf645dd9cbf4173070c495585b4904c7","0","6.666666666666667","0","3","bf645dd9cbf4173070c495585b4904c7","0","3","0.8425058548009368","7","false","0","bf645dd9cbf4173070c495585b4904c7","0","0.5555555555555556","0"
"2293.2200000000003","3.9836065573770494","0.03463523225516001","0.2510288065843621","0.42857142857142855","7","7","false","14b2c7993219e44d736fe8d51628fedb","14b2c7993219e44d736fe8d51628fedb","0","7.714285714285714","0","7","14b2c7993219e44d736fe8d51628fedb","0","7","0.8579234972677595","7","false","0","14b2c7993219e44d736fe8d51628fedb","39046","0.2571428571428571","0"
"43805.498","4.024590163934426","0.03834314038561547","0.24847250509164973","0.2222222222222222","9","7","false","87422f2c0f25f2619d124bf00db577ec","87422f2c0f25f2619d124bf00db577ec","6","7.666666666666667","0","9","87422f2c0f25f2619d124bf00db577ec","0","3","0.8559718969555035","9","false","0","87422f2c0f25f2619d124bf00db577ec","18646","0.2361111111111111","0"
"54.1682070240296","4.217213114754099","0.002119888282564376","0.23712342079689017","0.8214285714285714","8","7","false","d3ec0765d9f8a963311ae0e9572903c8","d3ec0765d9f8a963311ae0e9572903c8","0","9.875","0","8","d3ec0765d9f8a963311ae0e9572903c8","0","8","0.8467993754879001","1","false","0","d3ec0765d9f8a963311ae0e9572903c8","3040","0.35267857142857145","0"
"7424.331140350882","4.540983606557377","0.026819759569163302","0.22021660649819494","0.3333333333333333","6","8","false","600c99053beae2be7b6445155603e9da","600c99053beae2be7b6445155603e9da","3","8.833333333333334","0","6","600c99053beae2be7b6445155603e9da","0","3","0.8313817330210773","5","false","0","600c99053beae2be7b6445155603e9da","63882","0.2849462365591398","0"
"22.8847058823529","4.372950819672131","0.002814179878175171","0.22867853795688847","0.9338235294117647","17","7","false","6bbcf2b94c7499ac34665c6c00a0fc02","6bbcf2b94c7499ac34665c6c00a0fc02","0","16.647058823529413","0","17","6bbcf2b94c7499ac34665c6c00a0fc02","0","17","0.8393832943013271","1","false","0","6bbcf2b94c7499ac34665c6c00a0fc02","10706","0.5945378151260504","0"
"7475.061946902659","4.938524590163935","0.012318398012636955","0.20248962655601657","0.5357142857142857","8","8","false","2f93775b3a981bdb73e220bb372e19d6","2f93775b3a981bdb73e220bb372e19d6","2","14.125","0","8","2f93775b3a981bdb73e220bb372e19d6","0","6","0.8124512099921934","5","false","0","2f93775b3a981bdb73e220bb372e19d6","5876","0.4955357142857143","0"
"357.135531135531","4.979508196721311","1.9541755856630953E-4","0.20082304526748973","0.989010989010989","14","8","false","54634b06c245c9ee280cb15ae29f04e0","54634b06c245c9ee280cb15ae29f04e0","0","14.071428571428571","0","14","54634b06c245c9ee280cb15ae29f04e0","0","14","0.8104996096799375","1","false","0","54634b06c245c9ee280cb15ae29f04e0","1394","0.8277310924369747","0"
"277.5421245421249","4.311475409836065","0.07122140726255659","0.23193916349809887","0.8571428571428571","14","7","false","c0fc770c5761c180f6a26f5fc263ee1b","c0fc770c5761c180f6a26f5fc263ee1b","1","13.357142857142858","0","14","c0fc770c5761c180f6a26f5fc263ee1b","0","13","0.8423106947697112","2","false","0","c0fc770c5761c180f6a26f5fc263ee1b","67756","0.7380952380952381","0"
"4232.618618618621","4.528688524590164","0.034854589707191054","0.22081447963800904","0.39285714285714285","8","7","false","8580cbddd75d8e3d29e0f45c8959ad95","8580cbddd75d8e3d29e0f45c8959ad95","1","12.875","0","8","8580cbddd75d8e3d29e0f45c8959ad95","0","7","0.831967213114754","4","false","0","8580cbddd75d8e3d29e0f45c8959ad95","79366","0.53125","0"
"33042.69626168221","3.418032786885246","0.1221561557354653","0.29256594724220625","0.17857142857142858","8","6","false","de3055f9c82028971556a1d9c2644af6","de3055f9c82028971556a1d9c2644af6","2","13.0","0","8","de3055f9c82028971556a1d9c2644af6","0","6","0.884855581576893","10","false","0","de3055f9c82028971556a1d9c2644af6","63326","0.19807692307692307","0"
"32605.85","3.5040983606557377","0.08833039529512257","0.28538011695906434","0.3","5","6","false","d4b45bd5065b0b0ebbb7ec4577ab9800","d4b45bd5065b0b0ebbb7ec4577ab9800","2","12.0","0","5","d4b45bd5065b0b0ebbb7ec4577ab9800","0","3","0.8807572209211553","10","false","0","d4b45bd5065b0b0ebbb7ec4577ab9800","99946","0.2681818181818182","0"
"1926.870588235293","3.778688524590164","0.034478588583501474","0.2646420824295011","0.6176470588235294","17","6","false","56eea00f231978f4ea274c780000a327","56eea00f231978f4ea274c780000a327","0","17.176470588235293","0","17","56eea00f231978f4ea274c780000a327","0","17","0.8676814988290398","2","false","0","56eea00f231978f4ea274c780000a327","88308","0.39037433155080214","0"
"171.7871428571426","4.770491803278689","0.0089904550932396","0.20962199312714777","0.6549707602339181","19","8","false","07349a3d457b346ae18fea9a99e78b87","07349a3d457b346ae18fea9a99e78b87","0","17.36842105263158","0","19","07349a3d457b346ae18fea9a99e78b87","0","19","0.8204527712724434","2","false","0","07349a3d457b346ae18fea9a99e78b87","31530","0.4694167852062589","0"
"1310.1415929203538","5.065573770491803","0.0018261458481847255","0.19741100323624594","0.6666666666666666","3","8","false","799444b4f48cb2ce69f10256b7987aa5","799444b4f48cb2ce69f10256b7987aa5","1","5.666666666666667","0","3","799444b4f48cb2ce69f10256b7987aa5","0","2","0.8064012490241999","6","false","0","799444b4f48cb2ce69f10256b7987aa5","1034","0.4358974358974359","0"
"18.9943502824859","4.979508196721311","1.9541755856630953E-4","0.20082304526748973","0.989010989010989","14","8","false","9fb7b89890f358c262c2ac2163a9d76b","9fb7b89890f358c262c2ac2163a9d76b","0","14.071428571428571","0","14","9fb7b89890f358c262c2ac2163a9d76b","0","14","0.8104996096799375","1","false","0","9fb7b89890f358c262c2ac2163a9d76b","1394","0.8277310924369747","0"
"40.6693548387097","4.979508196721311","1.9541755856630953E-4","0.20082304526748973","0.989010989010989","14","8","false","a300eb90de4cdadd02f6710de5e2ba38","a300eb90de4cdadd02f6710de5e2ba38","0","14.071428571428571","0","14","a300eb90de4cdadd02f6710de5e2ba38","0","14","0.8104996096799375","1","false","0","a300eb90de4cdadd02f6710de5e2ba38","1394","0.8277310924369747","0"
"20.31142857142857","5.274590163934426","0.0","0.1895881895881896","1.0","11","8","false","174ed78e73cbc3ad17f9f7fa88753f3d","174ed78e73cbc3ad17f9f7fa88753f3d","0","13.454545454545455","0","11","174ed78e73cbc3ad17f9f7fa88753f3d","0","11","0.7964480874316939","2","false","0","174ed78e73cbc3ad17f9f7fa88753f3d","0","0.961038961038961","0"
"179.47177419354804","4.782786885245901","0.006607831262815318","0.20908311910882607","0.6025641025641025","13","8","false","0c467f681609f1d554b3756af0873ebc","0c467f681609f1d554b3756af0873ebc","1","17.384615384615383","0","13","0c467f681609f1d554b3756af0873ebc","0","12","0.8198672911787666","2","false","0","0c467f681609f1d554b3756af0873ebc","12064","0.6208791208791209","0"
"866.51951951952","4.372950819672131","0.002814179878175171","0.22867853795688847","0.9338235294117647","17","7","false","ff972e85b8413e63fc90b22b10483cf5","ff972e85b8413e63fc90b22b10483cf5","0","16.647058823529413","0","17","ff972e85b8413e63fc90b22b10483cf5","0","17","0.8393832943013271","1","false","0","ff972e85b8413e63fc90b22b10483cf5","10706","0.5945378151260504","0"
"21734.19413919413","4.487704918032787","0.0056371284460642","0.2228310502283105","0.3333333333333333","4","7","false","b2592d541d9f2c9646335251acd88e0c","b2592d541d9f2c9646335251acd88e0c","0","3.75","0","4","b2592d541d9f2c9646335251acd88e0c","0","4","0.8339188134270101","6","false","0","b2592d541d9f2c9646335251acd88e0c","1690","0.3888888888888889","0"
"6.43817204301075","4.389344262295082","3.3018989602560136E-4","0.22782446311858076","0.9743589743589743","13","8","false","38b9a6996233b9f78386caca5beef634","38b9a6996233b9f78386caca5beef634","0","13.692307692307692","0","13","38b9a6996233b9f78386caca5beef634","0","13","0.8386026541764247","1","false","0","38b9a6996233b9f78386caca5beef634","984","0.6846153846153846","0"
"660.9475806451618","4.549180327868853","0.007781853463722394","0.2198198198198198","0.3333333333333333","3","7","false","ad63c3d7bf8d1866969553ab825bac12","ad63c3d7bf8d1866969553ab825bac12","0","9.0","0","3","ad63c3d7bf8d1866969553ab825bac12","0","3","0.830991412958626","4","false","0","ad63c3d7bf8d1866969553ab825bac12","26556","0.3611111111111111","0"
"103.05457025920876","1.0","0.0","1.0","1.0","6","1","false","852ee79f580f682e828929768143ce27","852ee79f580f682e828929768143ce27","0","6.0","0","6","852ee79f580f682e828929768143ce27","0","6","1.0","2","false","0","852ee79f580f682e828929768143ce27","0","1.0","0"
"475.7857142857136","3.8360655737704916","0.04906223426845188","0.2606837606837607","0.17857142857142858","8","6","false","71e6ab155e388dd64f90d8c4a66cbcf9","71e6ab155e388dd64f90d8c4a66cbcf9","5","6.125","0","8","71e6ab155e388dd64f90d8c4a66cbcf9","0","3","0.8649492583918814","6","false","0","71e6ab155e388dd64f90d8c4a66cbcf9","24082","0.1875","0"
"13483.821818181772","4.422131147540983","0.02697248790814191","0.2261353104726599","0.4","5","7","false","14914633f511e5ab3d95eae8dcefeae6","14914633f511e5ab3d95eae8dcefeae6","4","5.6","0","5","14914633f511e5ab3d95eae8dcefeae6","0","1","0.8370413739266198","5","false","0","14914633f511e5ab3d95eae8dcefeae6","18704","0.29473684210526313","0"
"14352.871287128743","5.409836065573771","0.0016611297558235298","0.18484848484848485","0.4666666666666667","10","9","false","8a3ccbef5a80cecf5225e1b4c43630cf","8a3ccbef5a80cecf5225e1b4c43630cf","0","15.9","0","10","8a3ccbef5a80cecf5225e1b4c43630cf","0","10","0.790007806401249","3","false","0","8a3ccbef5a80cecf5225e1b4c43630cf","9104","0.636","0"
"78.7542735042735","4.467213114754099","0.010095602722892724","0.2238532110091743","0.7714285714285715","15","7","false","16350460846e9102023b317c826444e5","16350460846e9102023b317c826444e5","0","17.8","0","15","16350460846e9102023b317c826444e5","0","15","0.8348946135831381","2","false","0","16350460846e9102023b317c826444e5","34728","0.6357142857142857","0"
"30.9366666666667","4.741803278688525","0.004545741486654658","0.21089023336214346","0.7666666666666667","21","8","false","3431376795a43c80dd5e881d71b68da0","3431376795a43c80dd5e881d71b68da0","0","17.952380952380953","0","21","3431376795a43c80dd5e881d71b68da0","0","21","0.8218188914910226","1","false","0","3431376795a43c80dd5e881d71b68da0","38570","0.6190476190476191","0"
"13.1843137254902","4.979508196721311","1.9541755856630953E-4","0.20082304526748973","0.989010989010989","14","8","false","f25bbac8cd61277f06798f3ee06476d0","f25bbac8cd61277f06798f3ee06476d0","0","14.071428571428571","0","14","f25bbac8cd61277f06798f3ee06476d0","0","14","0.8104996096799375","1","false","0","f25bbac8cd61277f06798f3ee06476d0","1394","0.8277310924369747","0"
"62.6582278481013","4.741803278688525","0.004545741486654658","0.21089023336214346","0.7666666666666667","21","8","false","10568bb8bbac7cc28727d73726791575","10568bb8bbac7cc28727d73726791575","0","17.952380952380953","0","21","10568bb8bbac7cc28727d73726791575","0","21","0.8218188914910226","1","false","0","10568bb8bbac7cc28727d73726791575","38570","0.6190476190476191","0"
"593.7507692307695","4.221311475409836","0.00985702882100824","0.23689320388349516","0.4","5","7","false","5c9c308cde686a88221eb883cdf6db2d","5c9c308cde686a88221eb883cdf6db2d","0","8.2","0","5","5c9c308cde686a88221eb883cdf6db2d","0","5","0.8466042154566745","4","false","0","5c9c308cde686a88221eb883cdf6db2d","4148","0.3037037037037037","0"
"2771.06","3.9795081967213113","0.026240467427910325","0.25128733264675596","0.20512820512820512","13","7","false","c35ad1321ecfd8ecceb63c03ca92d668","c35ad1321ecfd8ecceb63c03ca92d668","0","6.615384615384615","0","13","c35ad1321ecfd8ecceb63c03ca92d668","0","13","0.8581186572989852","2","false","0","c35ad1321ecfd8ecceb63c03ca92d668","19978","0.2109181141439206","0"
"2355.7350427350475","4.426229508196721","0.0036585806700270714","0.22592592592592592","0.6666666666666666","6","8","false","c47dd021afe1fe12ae85d2035b565822","c47dd021afe1fe12ae85d2035b565822","1","9.166666666666666","0","6","c47dd021afe1fe12ae85d2035b565822","0","5","0.8368462138953943","5","false","0","c47dd021afe1fe12ae85d2035b565822","3386","0.2696078431372549","0"
"20121.480825958697","3.9385245901639343","0.00993726128001066","0.2539021852237253","0.3333333333333333","7","6","false","495affe5e03fbab01286138422825790","495affe5e03fbab01286138422825790","1","5.857142857142857","0","7","495affe5e03fbab01286138422825790","0","6","0.8600702576112413","5","false","0","495affe5e03fbab01286138422825790","7548","0.2546583850931677","0"
"3607.7517053206","4.516393442622951","0.008411650778190949","0.22141560798548096","0.5","4","7","false","464eb7849206132932497ea65ab8b7de","464eb7849206132932497ea65ab8b7de","2","4.5","0","4","464eb7849206132932497ea65ab8b7de","0","2","0.8325526932084311","8","false","0","464eb7849206132932497ea65ab8b7de","4150","0.38636363636363635","0"
"1225.32","5.05327868852459","0.004663264009831173","0.19789132197891324","0.0","2","8","false","3879d6db744bd48ab816601030b33587","3879d6db744bd48ab816601030b33587","0","3.5","0","2","3879d6db744bd48ab816601030b33587","0","2","0.8069867291178767","3","false","0","3879d6db744bd48ab816601030b33587","2748","0.5","0"
"2.15841584158416","4.75","0.0","0.21052631578947367","1.0","17","7","false","604bfbbe2828b9d8450a904bebd28427","604bfbbe2828b9d8450a904bebd28427","0","17.470588235294116","0","17","604bfbbe2828b9d8450a904bebd28427","0","17","0.8214285714285714","1","false","0","604bfbbe2828b9d8450a904bebd28427","0","0.8319327731092437","0"
"196.26","4.467213114754099","0.010095602722892724","0.2238532110091743","0.7714285714285715","15","7","false","c73c6506f94582b1de12ec56976d051f","c73c6506f94582b1de12ec56976d051f","0","17.8","0","15","c73c6506f94582b1de12ec56976d051f","0","15","0.8348946135831381","2","false","0","c73c6506f94582b1de12ec56976d051f","34728","0.6357142857142857","0"
"1578.560747663551","4.217213114754099","0.04762256041830075","0.23712342079689017","0.675","16","7","false","1b43386495b2a26507deb30c8ef54f17","1b43386495b2a26507deb30c8ef54f17","0","15.3125","0","16","1b43386495b2a26507deb30c8ef54f17","0","16","0.8467993754879001","2","false","0","1b43386495b2a26507deb30c8ef54f17","51558","0.546875","0"
"16614.767088607598","3.3524590163934427","0.027956816446197796","0.2982885085574572","0.46153846153846156","14","6","false","b3ef80b1b40f88151e8fed00e2484444","b3ef80b1b40f88151e8fed00e2484444","0","11.214285714285714","0","14","b3ef80b1b40f88151e8fed00e2484444","0","14","0.8879781420765027","8","false","0","b3ef80b1b40f88151e8fed00e2484444","63202","0.20767195767195767","0"
"232.08114035087718","3.4631147540983607","0.10261222828236737","0.28875739644970416","0.2857142857142857","8","6","false","7f88064561753d62306bafa215703fc1","7f88064561753d62306bafa215703fc1","6","9.875","0","8","7f88064561753d62306bafa215703fc1","0","2","0.8827088212334114","5","false","0","7f88064561753d62306bafa215703fc1","346004","0.24085365853658536","0"
"110.575862068966","3.9262295081967213","0.0046621010485443795","0.2546972860125261","0.8263157894736842","20","6","false","eca0fdbd027ad8f750dac59ab54ccaad","eca0fdbd027ad8f750dac59ab54ccaad","0","18.15","0","20","eca0fdbd027ad8f750dac59ab54ccaad","0","20","0.8606557377049181","1","false","0","eca0fdbd027ad8f750dac59ab54ccaad","22888","0.45375","0"
"26.7566666666667","6.323770491803279","0.0","0.15813350615683733","1.0","10","9","false","d8ac95afd67e36781ab7f29335338c9a","d8ac95afd67e36781ab7f29335338c9a","0","11.0","0","10","d8ac95afd67e36781ab7f29335338c9a","0","10","0.7464871194379391","1","false","0","d8ac95afd67e36781ab7f29335338c9a","0","0.9166666666666666","0"
"21.79","4.75","0.0","0.21052631578947367","1.0","17","7","false","e35a81f222f0a5f6caed6cc81871d123","e35a81f222f0a5f6caed6cc81871d123","0","17.470588235294116","0","17","e35a81f222f0a5f6caed6cc81871d123","0","17","0.8214285714285714","1","false","0","e35a81f222f0a5f6caed6cc81871d123","0","0.8319327731092437","0"
"32286.109890109918","4.016393442622951","0.03497100181303601","0.2489795918367347","0.16666666666666666","4","6","false","cd611c2e479dfd7f23747f6bb4107de6","cd611c2e479dfd7f23747f6bb4107de6","0","8.25","0","4","cd611c2e479dfd7f23747f6bb4107de6","0","4","0.8563622170179548","9","false","0","cd611c2e479dfd7f23747f6bb4107de6","58876","0.28703703703703703","0"
"136.740331491713","4.741803278688525","0.004545741486654658","0.21089023336214346","0.7666666666666667","21","8","false","5ae7128923289ae7cd390895150f8158","5ae7128923289ae7cd390895150f8158","0","17.952380952380953","0","21","5ae7128923289ae7cd390895150f8158","0","21","0.8218188914910226","1","false","0","5ae7128923289ae7cd390895150f8158","38570","0.6190476190476191","0"
"392.1784615384619","4.610655737704918","7.757889709656473E-4","0.21688888888888888","0.7","5","7","false","281d04bed38e6987f7d87dddafd715e3","281d04bed38e6987f7d87dddafd715e3","0","8.6","0","5","281d04bed38e6987f7d87dddafd715e3","0","5","0.8280640124902421","5","false","0","281d04bed38e6987f7d87dddafd715e3","984","0.31851851851851853","0"
"1919.9699999999998","4.536885245901639","0.00636139410920604","0.2204155374887082","0.3333333333333333","4","7","false","892713e938d22419bbb1249213602e79","892713e938d22419bbb1249213602e79","0","4.0","0","4","892713e938d22419bbb1249213602e79","0","4","0.8315768930523029","3","false","0","892713e938d22419bbb1249213602e79","1780","0.36363636363636365","0"
"120533.37029703001","4.094262295081967","0.030432003786867036","0.24424424424424424","0.3","5","7","false","79c0c5ba22354f97c8d468f86ffb3c22","79c0c5ba22354f97c8d468f86ffb3c22","0","4.4","0","5","79c0c5ba22354f97c8d468f86ffb3c22","0","5","0.8526541764246682","6","false","0","79c0c5ba22354f97c8d468f86ffb3c22","8270","0.28","0"
"980.110891089109","1.0","0.0","1.0","1.0","6","1","false","7a7e7813bcb893b06de3e2d35fdff2c0","7a7e7813bcb893b06de3e2d35fdff2c0","0","6.0","0","6","7a7e7813bcb893b06de3e2d35fdff2c0","0","6","1.0","1","false","0","7a7e7813bcb893b06de3e2d35fdff2c0","0","1.0","0"
"74.1511111111111","1.0","0.0","1.0","1.0","6","1","false","f4710060fe7304df7f0859b4517cb16f","f4710060fe7304df7f0859b4517cb16f","0","6.0","0","6","f4710060fe7304df7f0859b4517cb16f","0","6","1.0","1","false","0","f4710060fe7304df7f0859b4517cb16f","0","1.0","0"
"7103.493333333337","4.299180327868853","0.025021878645111906","0.23260247855100094","0.4","5","7","false","d5451f8112e0765c8574042d9fd0b500","d5451f8112e0765c8574042d9fd0b500","0","13.6","0","5","d5451f8112e0765c8574042d9fd0b500","0","5","0.842896174863388","4","false","0","d5451f8112e0765c8574042d9fd0b500","63574","0.4","0"
"889.5934579439252","4.286885245901639","0.05511727048726632","0.2332695984703633","0.4725274725274725","14","8","false","e74c2dffcdd92399f6c9ba0e0d74008f","e74c2dffcdd92399f6c9ba0e0d74008f","0","12.071428571428571","0","14","e74c2dffcdd92399f6c9ba0e0d74008f","0","14","0.8434816549570647","2","false","0","e74c2dffcdd92399f6c9ba0e0d74008f","86870","0.3176691729323308","0"
"240.505","3.9262295081967213","0.0046621010485443795","0.2546972860125261","0.8263157894736842","20","6","false","06b6ca186d20f299c07da509a51aa1c2","06b6ca186d20f299c07da509a51aa1c2","0","18.15","0","20","06b6ca186d20f299c07da509a51aa1c2","0","20","0.8606557377049181","1","false","0","06b6ca186d20f299c07da509a51aa1c2","22888","0.45375","0"
"7.98222222222222","4.389344262295082","3.3018989602560136E-4","0.22782446311858076","0.9743589743589743","13","8","false","12f1c45256434266b54212f16c48444b","12f1c45256434266b54212f16c48444b","0","13.692307692307692","0","13","12f1c45256434266b54212f16c48444b","0","13","0.8386026541764247","1","false","0","12f1c45256434266b54212f16c48444b","984","0.6846153846153846","0"
"13.448","4.979508196721311","1.9541755856630953E-4","0.20082304526748973","0.989010989010989","14","8","false","77c0c466b473e34f40b6fcad982860ca","77c0c466b473e34f40b6fcad982860ca","0","14.071428571428571","0","14","77c0c466b473e34f40b6fcad982860ca","0","14","0.8104996096799375","1","false","0","77c0c466b473e34f40b6fcad982860ca","1394","0.8277310924369747","0"
"21.29487179487183","4.840163934426229","0.03475764246198585","0.20660457239627436","0.7428571428571429","15","8","false","0dc60bb0b0341bf91a1d34f8adfecd4c","0dc60bb0b0341bf91a1d34f8adfecd4c","0","13.266666666666667","0","15","0dc60bb0b0341bf91a1d34f8adfecd4c","0","15","0.8171350507416081","2","false","0","0dc60bb0b0341bf91a1d34f8adfecd4c","36766","0.4528735632183908","0"
"860.201438848921","1.0","0.0","1.0","1.0","6","1","false","9cf70afc48875d49d9515fec9ce70305","9cf70afc48875d49d9515fec9ce70305","0","6.0","0","6","9cf70afc48875d49d9515fec9ce70305","0","6","1.0","1","false","0","9cf70afc48875d49d9515fec9ce70305","0","1.0","0"
"11518.906403940897","3.7336065573770494","0.0226255163472265","0.2678375411635565","0.3","5","6","false","a8ef5190cf11edfeb97a22f796a74bb1","a8ef5190cf11edfeb97a22f796a74bb1","2","8.8","0","5","a8ef5190cf11edfeb97a22f796a74bb1","0","3","0.8698282591725214","8","false","0","a8ef5190cf11edfeb97a22f796a74bb1","9336","0.27741935483870966","0"
"227963.8131868128","3.55327868852459","0.026323664322245827","0.28143021914648214","0.3333333333333333","10","6","false","affbf2c1be9ca467eb201941d9782b47","affbf2c1be9ca467eb201941d9782b47","0","9.8","0","10","affbf2c1be9ca467eb201941d9782b47","0","10","0.8784153005464481","10","false","0","affbf2c1be9ca467eb201941d9782b47","27218","0.23333333333333334","0"
"840.826666666667","4.770491803278689","0.0089904550932396","0.20962199312714777","0.6549707602339181","19","8","false","fa8aa487317db22191c9ff4f26963192","fa8aa487317db22191c9ff4f26963192","0","17.36842105263158","0","19","fa8aa487317db22191c9ff4f26963192","0","19","0.8204527712724434","2","false","0","fa8aa487317db22191c9ff4f26963192","31530","0.4694167852062589","0"
"35.3571428571429","4.741803278688525","0.004545741486654658","0.21089023336214346","0.7666666666666667","21","8","false","155dee0ceae6cff8b6995ced339c479b","155dee0ceae6cff8b6995ced339c479b","0","17.952380952380953","0","21","155dee0ceae6cff8b6995ced339c479b","0","21","0.8218188914910226","1","false","0","155dee0ceae6cff8b6995ced339c479b","38570","0.6190476190476191","0"
"64.1888888888889","4.385245901639344","0.036276362438962505","0.2280373831775701","0.6153846153846154","14","7","false","5045df3c7282cf02b43c2fed84344a38","5045df3c7282cf02b43c2fed84344a38","0","11.5","0","14","5045df3c7282cf02b43c2fed84344a38","0","14","0.8387978142076503","2","false","0","5045df3c7282cf02b43c2fed84344a38","14174","0.45714285714285713","0"
"54064.848290598355","4.717213114754099","0.010928036583433847","0.21198957428323195","0.16666666666666666","4","7","false","0ff4a6b7bc39eb3dac5c4d45256cc406","0ff4a6b7bc39eb3dac5c4d45256cc406","2","3.5","0","4","0ff4a6b7bc39eb3dac5c4d45256cc406","0","2","0.8229898516783762","8","false","0","0ff4a6b7bc39eb3dac5c4d45256cc406","13052","0.375","0"
"281210.63999999996","4.25","0.025626048101818136","0.23529411764705882","0.0","3","6","false","c289edb2e38226bfdf611552375c6fee","c289edb2e38226bfdf611552375c6fee","2","7.666666666666667","0","3","c289edb2e38226bfdf611552375c6fee","0","1","0.8452380952380952","10","false","0","c289edb2e38226bfdf611552375c6fee","15178","0.3508771929824561","0"
"320.2","3.778688524590164","0.034478588583501474","0.2646420824295011","0.6176470588235294","17","6","false","cb06ad670d70993ef1967ac336826813","cb06ad670d70993ef1967ac336826813","0","17.176470588235293","0","17","cb06ad670d70993ef1967ac336826813","0","17","0.8676814988290398","2","false","0","cb06ad670d70993ef1967ac336826813","88308","0.39037433155080214","0"
"3.75862068965517","4.75","0.0","0.21052631578947367","1.0","17","7","false","3305240d105f928b8fdaff57e717ab57","3305240d105f928b8fdaff57e717ab57","0","17.470588235294116","0","17","3305240d105f928b8fdaff57e717ab57","0","17","0.8214285714285714","1","false","0","3305240d105f928b8fdaff57e717ab57","0","0.8319327731092437","0"
"10367.837500000001","3.9344262295081966","0.028424118835853666","0.25416666666666665","0.2","6","6","false","ac1d4aa125553cc9935da5e2b10c6a06","ac1d4aa125553cc9935da5e2b10c6a06","2","6.666666666666667","0","6","ac1d4aa125553cc9935da5e2b10c6a06","0","4","0.8602654176424668","7","false","0","ac1d4aa125553cc9935da5e2b10c6a06","16216","0.2826086956521739","0"
"1937.74117647059","4.319672131147541","0.004429612417280155","0.23149905123339662","0.8681318681318682","14","7","false","89ff91fcb576b902de28c44c7fc2aaae","89ff91fcb576b902de28c44c7fc2aaae","0","13.142857142857142","0","14","89ff91fcb576b902de28c44c7fc2aaae","0","14","0.8419203747072599","1","false","0","89ff91fcb576b902de28c44c7fc2aaae","14778","0.5257142857142857","0"
"24.48","5.274590163934426","0.0","0.1895881895881896","1.0","11","8","false","f08be4791b218d249cc19adb3d362756","f08be4791b218d249cc19adb3d362756","0","13.454545454545455","0","11","f08be4791b218d249cc19adb3d362756","0","11","0.7964480874316939","2","false","0","f08be4791b218d249cc19adb3d362756","0","0.961038961038961","0"
"777.05376344086","4.762295081967213","0.0","0.2099827882960413","1.0","4","7","false","047735756066cc08e1422d33659f78e3","047735756066cc08e1422d33659f78e3","0","9.5","0","4","047735756066cc08e1422d33659f78e3","0","4","0.8208430913348946","4","false","0","047735756066cc08e1422d33659f78e3","0","0.3958333333333333","0"
"10.8966666666667","4.75","0.0","0.21052631578947367","1.0","17","7","false","3cb8caad2a96da1ecd6a0c9557ce4701","3cb8caad2a96da1ecd6a0c9557ce4701","0","17.470588235294116","0","17","3cb8caad2a96da1ecd6a0c9557ce4701","0","17","0.8214285714285714","1","false","0","3cb8caad2a96da1ecd6a0c9557ce4701","0","0.8319327731092437","0"
"198.0","4.741803278688525","0.004545741486654658","0.21089023336214346","0.7666666666666667","21","8","false","349a2d072022631b812f2d4eb90ca30b","349a2d072022631b812f2d4eb90ca30b","0","17.952380952380953","0","21","349a2d072022631b812f2d4eb90ca30b","0","21","0.8218188914910226","1","false","0","349a2d072022631b812f2d4eb90ca30b","38570","0.6190476190476191","0"
"17397.08","4.770491803278689","0.0089904550932396","0.20962199312714777","0.6549707602339181","19","8","false","64fd8fc765da0f4154fd57ad6d4274f7","64fd8fc765da0f4154fd57ad6d4274f7","0","17.36842105263158","0","19","64fd8fc765da0f4154fd57ad6d4274f7","0","19","0.8204527712724434","2","false","0","64fd8fc765da0f4154fd57ad6d4274f7","31530","0.4694167852062589","0"
"320.673333333333","3.9262295081967213","0.0046621010485443795","0.2546972860125261","0.8263157894736842","20","6","false","7a2547884df39c5b81ba39997eecacdf","7a2547884df39c5b81ba39997eecacdf","0","18.15","0","20","7a2547884df39c5b81ba39997eecacdf","0","20","0.8606557377049181","1","false","0","7a2547884df39c5b81ba39997eecacdf","22888","0.45375","0"
"92.8108333333333","4.741803278688525","0.004545741486654658","0.21089023336214346","0.7666666666666667","21","8","false","ddbe19d07a4e55cc7b2fbfad276ac69c","ddbe19d07a4e55cc7b2fbfad276ac69c","0","17.952380952380953","0","21","ddbe19d07a4e55cc7b2fbfad276ac69c","0","21","0.8218188914910226","1","false","0","ddbe19d07a4e55cc7b2fbfad276ac69c","38570","0.6190476190476191","0"
"14.4085714285714","4.979508196721311","1.9541755856630953E-4","0.20082304526748973","0.989010989010989","14","8","false","d11f39dcb4fe090ecbe26bd8d8d1ec12","d11f39dcb4fe090ecbe26bd8d8d1ec12","0","14.071428571428571","0","14","d11f39dcb4fe090ecbe26bd8d8d1ec12","0","14","0.8104996096799375","1","false","0","d11f39dcb4fe090ecbe26bd8d8d1ec12","1394","0.8277310924369747","0"
"18.2717391304348","4.979508196721311","1.9541755856630953E-4","0.20082304526748973","0.989010989010989","14","8","false","8e9d9e676c8e562d03b4cf5f1479f1b2","8e9d9e676c8e562d03b4cf5f1479f1b2","0","14.071428571428571","0","14","8e9d9e676c8e562d03b4cf5f1479f1b2","0","14","0.8104996096799375","1","false","0","8e9d9e676c8e562d03b4cf5f1479f1b2","1394","0.8277310924369747","0"
"1376.3600000000001","4.221311475409836","0.01652758404299946","0.23689320388349516","0.5238095238095238","7","8","false","133cd27720faf693d08e0730a8451510","133cd27720faf693d08e0730a8451510","1","8.428571428571429","0","7","133cd27720faf693d08e0730a8451510","0","6","0.8466042154566745","5","false","0","133cd27720faf693d08e0730a8451510","34718","0.2277992277992278","0"
"9887.673942701216","5.213114754098361","0.0","0.1918238993710692","1.0","2","9","false","f7b199762f3cb44d56d95382615ff6d9","f7b199762f3cb44d56d95382615ff6d9","2","6.5","0","2","f7b199762f3cb44d56d95382615ff6d9","0","0","0.7993754879000781","10","false","0","f7b199762f3cb44d56d95382615ff6d9","0","0.9285714285714286","0"
"60.610887096774206","4.770491803278689","0.0089904550932396","0.20962199312714777","0.6549707602339181","19","8","false","ce71bceba17802631e9f64f8633dfd0c","ce71bceba17802631e9f64f8633dfd0c","0","17.36842105263158","0","19","ce71bceba17802631e9f64f8633dfd0c","0","19","0.8204527712724434","2","false","0","ce71bceba17802631e9f64f8633dfd0c","31530","0.4694167852062589","0"
"100.8891625615763","5.659836065573771","1.801015605710349E-4","0.17668356263577117","0.8901098901098901","14","9","false","0483511ad55f6bc8287174dcf75eabfe","0483511ad55f6bc8287174dcf75eabfe","0","18.714285714285715","0","14","0483511ad55f6bc8287174dcf75eabfe","0","14","0.7781030444964872","2","false","0","0483511ad55f6bc8287174dcf75eabfe","2400","0.8136645962732919","0"
"26.1451612903226","4.372950819672131","0.002814179878175171","0.22867853795688847","0.9338235294117647","17","7","false","c50eb2895d9c4efbbb36853c7b99a73b","c50eb2895d9c4efbbb36853c7b99a73b","0","16.647058823529413","0","17","c50eb2895d9c4efbbb36853c7b99a73b","0","17","0.8393832943013271","1","false","0","c50eb2895d9c4efbbb36853c7b99a73b","10706","0.5945378151260504","0"
"45.2731707317073","4.741803278688525","0.004545741486654658","0.21089023336214346","0.7666666666666667","21","8","false","e5384072d78a662fff1a908f7b1ca226","e5384072d78a662fff1a908f7b1ca226","0","17.952380952380953","0","21","e5384072d78a662fff1a908f7b1ca226","0","21","0.8218188914910226","1","false","0","e5384072d78a662fff1a908f7b1ca226","38570","0.6190476190476191","0"
"6.59072580645161","4.75","0.0","0.21052631578947367","1.0","17","7","false","b8607c05cd36a24f37fa31102cdbbb2f","b8607c05cd36a24f37fa31102cdbbb2f","0","17.470588235294116","0","17","b8607c05cd36a24f37fa31102cdbbb2f","0","17","0.8214285714285714","1","false","0","b8607c05cd36a24f37fa31102cdbbb2f","0","0.8319327731092437","0"
"142.392079207921","4.75","0.0","0.21052631578947367","1.0","17","7","false","18a7fb639dbd93a5303920f15a9519d3","18a7fb639dbd93a5303920f15a9519d3","0","17.470588235294116","0","17","18a7fb639dbd93a5303920f15a9519d3","0","17","0.8214285714285714","1","false","0","18a7fb639dbd93a5303920f15a9519d3","0","0.8319327731092437","0"
"15.6618357487923","4.372950819672131","0.002814179878175171","0.22867853795688847","0.9338235294117647","17","7","false","5ba3b492ab1f30017fb088f7d33c7a67","5ba3b492ab1f30017fb088f7d33c7a67","0","16.647058823529413","0","17","5ba3b492ab1f30017fb088f7d33c7a67","0","17","0.8393832943013271","1","false","0","5ba3b492ab1f30017fb088f7d33c7a67","10706","0.5945378151260504","0"
"40.356846473029","4.372950819672131","0.002814179878175171","0.22867853795688847","0.9338235294117647","17","7","false","6971f57779dce3c539582d6b52b5eb03","6971f57779dce3c539582d6b52b5eb03","0","16.647058823529413","0","17","6971f57779dce3c539582d6b52b5eb03","0","17","0.8393832943013271","1","false","0","6971f57779dce3c539582d6b52b5eb03","10706","0.5945378151260504","0"
"129.69","4.372950819672131","0.002814179878175171","0.22867853795688847","0.9338235294117647","17","7","false","e301b29bac2ff44806f0f7bd86ce840d","e301b29bac2ff44806f0f7bd86ce840d","0","16.647058823529413","0","17","e301b29bac2ff44806f0f7bd86ce840d","0","17","0.8393832943013271","1","false","0","e301b29bac2ff44806f0f7bd86ce840d","10706","0.5945378151260504","0"
"442.306896551724","3.9262295081967213","0.0046621010485443795","0.2546972860125261","0.8263157894736842","20","6","false","ceeaa05c3682b56bfff922311a6f6923","ceeaa05c3682b56bfff922311a6f6923","0","18.15","0","20","ceeaa05c3682b56bfff922311a6f6923","0","20","0.8606557377049181","1","false","0","ceeaa05c3682b56bfff922311a6f6923","22888","0.45375","0"
"38.4228571428571","4.979508196721311","1.9541755856630953E-4","0.20082304526748973","0.989010989010989","14","8","false","f498c5884913004459a3fc73f4b7e85c","f498c5884913004459a3fc73f4b7e85c","0","14.071428571428571","0","14","f498c5884913004459a3fc73f4b7e85c","0","14","0.8104996096799375","1","false","0","f498c5884913004459a3fc73f4b7e85c","1394","0.8277310924369747","0"
"40.6693548387097","4.979508196721311","1.9541755856630953E-4","0.20082304526748973","0.989010989010989","14","8","false","2e944ddf98fd34ccefa36881e59ea4bf","2e944ddf98fd34ccefa36881e59ea4bf","0","14.071428571428571","0","14","2e944ddf98fd34ccefa36881e59ea4bf","0","14","0.8104996096799375","1","false","0","2e944ddf98fd34ccefa36881e59ea4bf","1394","0.8277310924369747","0"
"17.42769230769227","3.819672131147541","0.06926464605762839","0.26180257510729615","0.680952380952381","21","6","false","ae06685a2d5576c3315d553fb9b17e17","ae06685a2d5576c3315d553fb9b17e17","1","16.285714285714285","0","21","ae06685a2d5576c3315d553fb9b17e17","0","20","0.8657298985167837","2","false","0","ae06685a2d5576c3315d553fb9b17e17","40338","0.3877551020408163","0"
"72.3153153153153","6.323770491803279","0.0","0.15813350615683733","1.0","10","9","false","152e62f8cbe2e4ad0ae3f2444002e22f","152e62f8cbe2e4ad0ae3f2444002e22f","0","11.0","0","10","152e62f8cbe2e4ad0ae3f2444002e22f","0","10","0.7464871194379391","1","false","0","152e62f8cbe2e4ad0ae3f2444002e22f","0","0.9166666666666666","0"
"41398.80780780781","4.336065573770492","0.014208645736719835","0.23062381852551983","0.16666666666666666","4","7","false","3eea1f55308bfb2a0862302d6096fd31","3eea1f55308bfb2a0862302d6096fd31","2","5.5","0","4","3eea1f55308bfb2a0862302d6096fd31","0","2","0.8411397345823576","6","false","0","3eea1f55308bfb2a0862302d6096fd31","5024","0.29411764705882354","0"
"23221.159999999996","4.020491803278689","0.021480349201038015","0.24872579001019368","0.2857142857142857","8","7","false","ec37cb699213967ae145ff64f98e2977","ec37cb699213967ae145ff64f98e2977","2","6.75","0","8","ec37cb699213967ae145ff64f98e2977","0","6","0.8561670569867291","7","false","0","ec37cb699213967ae145ff64f98e2977","7288","0.2109375","0"
"64.845","4.372950819672131","0.002814179878175171","0.22867853795688847","0.9338235294117647","17","7","false","d8763c025dc0e473658dbe2c26085ed8","d8763c025dc0e473658dbe2c26085ed8","0","16.647058823529413","0","17","d8763c025dc0e473658dbe2c26085ed8","0","17","0.8393832943013271","1","false","0","d8763c025dc0e473658dbe2c26085ed8","10706","0.5945378151260504","0"
"225194.25999999998","3.237704918032787","0.15108163675765682","0.30886075949367087","0.3238095238095238","15","6","false","d4cf7e96d2fa2959ff7f0c06d9147622","d4cf7e96d2fa2959ff7f0c06d9147622","2","11.866666666666667","0","15","d4cf7e96d2fa2959ff7f0c06d9147622","0","13","0.8934426229508197","10","false","0","d4cf7e96d2fa2959ff7f0c06d9147622","209332","0.2045977011494253","0"
"325.47","3.610655737704918","0.039201626933888914","0.27695800227014755","0.4444444444444444","10","6","false","e4c0a7e49a995649e916b879ac3a3b29","e4c0a7e49a995649e916b879ac3a3b29","0","9.1","0","10","e4c0a7e49a995649e916b879ac3a3b29","0","10","0.8756830601092896","2","false","0","e4c0a7e49a995649e916b879ac3a3b29","41600","0.2116279069767442","0"
"6.08813559322034","4.389344262295082","3.3018989602560136E-4","0.22782446311858076","0.9743589743589743","13","8","false","8340610a1b8e204cb4463c7599e7cf75","8340610a1b8e204cb4463c7599e7cf75","0","13.692307692307692","0","13","8340610a1b8e204cb4463c7599e7cf75","0","13","0.8386026541764247","1","false","0","8340610a1b8e204cb4463c7599e7cf75","984","0.6846153846153846","0"
"366.941428571429","6.323770491803279","0.0","0.15813350615683733","1.0","10","9","false","c56ce58ab274e029be8e2263382a5757","c56ce58ab274e029be8e2263382a5757","0","11.0","0","10","c56ce58ab274e029be8e2263382a5757","0","10","0.7464871194379391","1","false","0","c56ce58ab274e029be8e2263382a5757","0","0.9166666666666666","0"
"3206.718","3.9262295081967213","0.0046621010485443795","0.2546972860125261","0.8263157894736842","20","6","false","df8496229917f3c6d99a6513153f92aa","df8496229917f3c6d99a6513153f92aa","0","18.15","0","20","df8496229917f3c6d99a6513153f92aa","0","20","0.8606557377049181","1","false","0","df8496229917f3c6d99a6513153f92aa","22888","0.45375","0"
"21.6133333333333","4.372950819672131","0.002814179878175171","0.22867853795688847","0.9338235294117647","17","7","false","c1229faffda98cc77ad0b91148633c91","c1229faffda98cc77ad0b91148633c91","0","16.647058823529413","0","17","c1229faffda98cc77ad0b91148633c91","0","17","0.8393832943013271","1","false","0","c1229faffda98cc77ad0b91148633c91","10706","0.5945378151260504","0"
"7803.251572327042","3.9549180327868854","0.03440675701533525","0.25284974093264245","0.47619047619047616","7","7","false","f851b25dab081a7f59b75bea492368eb","f851b25dab081a7f59b75bea492368eb","1","14.857142857142858","0","7","f851b25dab081a7f59b75bea492368eb","0","6","0.8592896174863388","3","false","0","f851b25dab081a7f59b75bea492368eb","17664","0.33766233766233766","0"
"6508.090000000001","3.5450819672131146","0.10755969463842241","0.28208092485549136","0.4090909090909091","12","6","false","b98f8e33d30b43e61a92f04fb12781fc","b98f8e33d30b43e61a92f04fb12781fc","1","10.25","0","12","b98f8e33d30b43e61a92f04fb12781fc","0","11","0.8788056206088993","7","false","0","b98f8e33d30b43e61a92f04fb12781fc","240954","0.2606837606837607","0"
"285.194139194139","1.0","0.0","1.0","1.0","6","1","false","362016d25d8484783bfa16958b7ee7f6","362016d25d8484783bfa16958b7ee7f6","0","6.0","0","6","362016d25d8484783bfa16958b7ee7f6","0","6","1.0","1","false","0","362016d25d8484783bfa16958b7ee7f6","0","1.0","0"
"2057.47985347985","1.0","0.0","1.0","1.0","6","1","false","ae1a6601222af844325b43e5ea72e671","ae1a6601222af844325b43e5ea72e671","0","6.0","0","6","ae1a6601222af844325b43e5ea72e671","0","6","1.0","1","false","0","ae1a6601222af844325b43e5ea72e671","0","1.0","0"
"160.336666666667","3.9262295081967213","0.0046621010485443795","0.2546972860125261","0.8263157894736842","20","6","false","794dae1a6d7dc50ca213a647fd7a7c51","794dae1a6d7dc50ca213a647fd7a7c51","0","18.15","0","20","794dae1a6d7dc50ca213a647fd7a7c51","0","20","0.8606557377049181","1","false","0","794dae1a6d7dc50ca213a647fd7a7c51","22888","0.45375","0"
"51.522857142857205","5.364754098360656","0.011043648384267654","0.18640183346065697","0.803030303030303","12","8","false","ab08bd2b5a60bfaa707b1fbba3790859","ab08bd2b5a60bfaa707b1fbba3790859","0","9.916666666666666","0","12","ab08bd2b5a60bfaa707b1fbba3790859","0","12","0.7921545667447306","2","false","0","ab08bd2b5a60bfaa707b1fbba3790859","40556","0.7628205128205128","0"
"22.77419354838711","5.364754098360656","0.011043648384267654","0.18640183346065697","0.803030303030303","12","8","false","b1d0bd80ad90314a7d2aacf025d4496b","b1d0bd80ad90314a7d2aacf025d4496b","0","9.916666666666666","0","12","b1d0bd80ad90314a7d2aacf025d4496b","0","12","0.7921545667447306","2","false","0","b1d0bd80ad90314a7d2aacf025d4496b","40556","0.7628205128205128","0"
"376.0501792114698","3.8360655737704916","0.03808208084884401","0.2606837606837607","0.638095238095238","15","6","false","8337f7d172e3e29fa58844544fc3b539","8337f7d172e3e29fa58844544fc3b539","0","17.066666666666666","0","15","8337f7d172e3e29fa58844544fc3b539","0","15","0.8649492583918814","2","false","0","8337f7d172e3e29fa58844544fc3b539","38862","0.5151515151515151","0"
"577.21","3.9262295081967213","0.0046621010485443795","0.2546972860125261","0.8263157894736842","20","6","false","5d74d97ce32ff7a5697419d8ac48a373","5d74d97ce32ff7a5697419d8ac48a373","0","18.15","0","20","5d74d97ce32ff7a5697419d8ac48a373","0","20","0.8606557377049181","1","false","0","5d74d97ce32ff7a5697419d8ac48a373","22888","0.45375","0"
"17.4301075268817","4.372950819672131","0.002814179878175171","0.22867853795688847","0.9338235294117647","17","7","false","6a49b952473bfc3854eea1124c7b94bb","6a49b952473bfc3854eea1124c7b94bb","0","16.647058823529413","0","17","6a49b952473bfc3854eea1124c7b94bb","0","17","0.8393832943013271","1","false","0","6a49b952473bfc3854eea1124c7b94bb","10706","0.5945378151260504","0"
"33.8477366255144","5.094262295081967","0.021382252951976218","0.19629927594529364","0.8571428571428571","14","8","false","d899a66c4f76249be941c7e22aa3c155","d899a66c4f76249be941c7e22aa3c155","0","16.857142857142858","0","14","d899a66c4f76249be941c7e22aa3c155","0","14","0.8050351288056206","2","false","0","d899a66c4f76249be941c7e22aa3c155","29406","0.5414746543778802","0"
"9.04149377593361","4.75","0.0","0.21052631578947367","1.0","17","7","false","566036e40499b4365e9a177af5a5b087","566036e40499b4365e9a177af5a5b087","0","17.470588235294116","0","17","566036e40499b4365e9a177af5a5b087","0","17","0.8214285714285714","1","false","0","566036e40499b4365e9a177af5a5b087","0","0.8319327731092437","0"
"5.09345794392523","4.75","0.0","0.21052631578947367","1.0","17","7","false","85e997f4876be67d22760f08ef530bda","85e997f4876be67d22760f08ef530bda","0","17.470588235294116","0","17","85e997f4876be67d22760f08ef530bda","0","17","0.8214285714285714","1","false","0","85e997f4876be67d22760f08ef530bda","0","0.8319327731092437","0"
"12770.712871287082","4.352459016393443","0.00922870331766055","0.2297551789077213","0.35714285714285715","8","7","false","52241ac9ff6cc18d2d1c0aeb82668e52","52241ac9ff6cc18d2d1c0aeb82668e52","1","6.25","0","8","52241ac9ff6cc18d2d1c0aeb82668e52","0","7","0.8403590944574552","4","false","0","52241ac9ff6cc18d2d1c0aeb82668e52","3710","0.2604166666666667","0"
"25884.298","4.348360655737705","0.006976528719153314","0.22997172478793593","0.4666666666666667","6","6","false","d1215fe4ed044c2150a6c8d4245e6d18","d1215fe4ed044c2150a6c8d4245e6d18","0","7.666666666666667","0","6","d1215fe4ed044c2150a6c8d4245e6d18","0","6","0.8405542544886808","6","false","0","d1215fe4ed044c2150a6c8d4245e6d18","6512","0.3","0"
"110.2782258064517","5.364754098360656","0.011043648384267654","0.18640183346065697","0.803030303030303","12","8","false","f7e3f99130de9fbdb1a3d5bddf6ae280","f7e3f99130de9fbdb1a3d5bddf6ae280","0","9.916666666666666","0","12","f7e3f99130de9fbdb1a3d5bddf6ae280","0","12","0.7921545667447306","2","false","0","f7e3f99130de9fbdb1a3d5bddf6ae280","40556","0.7628205128205128","0"
"292.70085470085456","4.848360655737705","7.839767532854508E-4","0.20625528317836012","0.8681318681318682","14","7","false","b9f346823409e6b020b7b173bbbf4f45","b9f346823409e6b020b7b173bbbf4f45","0","18.571428571428573","0","14","b9f346823409e6b020b7b173bbbf4f45","0","14","0.816744730679157","2","false","0","b9f346823409e6b020b7b173bbbf4f45","4440","0.7738095238095238","0"
"125.752941176471","3.9262295081967213","0.0046621010485443795","0.2546972860125261","0.8263157894736842","20","6","false","c960add18786a09fadf156ee1d01ad93","c960add18786a09fadf156ee1d01ad93","0","18.15","0","20","c960add18786a09fadf156ee1d01ad93","0","20","0.8606557377049181","1","false","0","c960add18786a09fadf156ee1d01ad93","22888","0.45375","0"
"10.895","4.75","0.0","0.21052631578947367","1.0","17","7","false","54c530c5ee2b8cc697e84fb816d6d364","54c530c5ee2b8cc697e84fb816d6d364","0","17.470588235294116","0","17","54c530c5ee2b8cc697e84fb816d6d364","0","17","0.8214285714285714","1","false","0","54c530c5ee2b8cc697e84fb816d6d364","0","0.8319327731092437","0"
"127.4556451612908","4.44672131147541","0.037226545749275516","0.22488479262672809","0.5454545454545454","12","7","false","f48e3203010a56fdbff339011bcc4cbf","f48e3203010a56fdbff339011bcc4cbf","1","11.25","0","12","f48e3203010a56fdbff339011bcc4cbf","0","11","0.8358704137392662","2","false","0","f48e3203010a56fdbff339011bcc4cbf","28868","0.5789473684210527","0"
"7993.715555555554","3.151639344262295","0.10928450150581061","0.31729518855656696","0.2761904761904762","15","5","false","e2fdfeef02f86f9184d8395751fe9fe2","e2fdfeef02f86f9184d8395751fe9fe2","1","9.0","0","15","e2fdfeef02f86f9184d8395751fe9fe2","0","14","0.8975409836065573","7","false","0","e2fdfeef02f86f9184d8395751fe9fe2","143964","0.18611111111111112","0"
"1877.909909909906","4.442622950819672","0.09390811576603927","0.22509225092250923","0.6666666666666666","6","7","false","02ca048f22fccf96ca553ea4ab903f16","02ca048f22fccf96ca553ea4ab903f16","1","12.0","0","6","02ca048f22fccf96ca553ea4ab903f16","0","5","0.8360655737704918","3","false","0","02ca048f22fccf96ca553ea4ab903f16","231600","0.5144927536231884","0"
"586.472222222222","5.364754098360656","0.011043648384267654","0.18640183346065697","0.803030303030303","12","8","false","03a1f2a253e2bb6a98e63effa0d193e9","03a1f2a253e2bb6a98e63effa0d193e9","0","9.916666666666666","0","12","03a1f2a253e2bb6a98e63effa0d193e9","0","12","0.7921545667447306","2","false","0","03a1f2a253e2bb6a98e63effa0d193e9","40556","0.7628205128205128","0"
"227.57999999999998","4.266393442622951","0.01868260004948146","0.23439000960614795","0.6285714285714286","15","7","false","be6441ab944ce055b60c61f9a4cb4c34","be6441ab944ce055b60c61f9a4cb4c34","0","16.6","0","15","be6441ab944ce055b60c61f9a4cb4c34","0","15","0.8444574551131929","2","false","0","be6441ab944ce055b60c61f9a4cb4c34","45438","0.656","0"
"81.7310924369748","4.372950819672131","0.002814179878175171","0.22867853795688847","0.9338235294117647","17","7","false","71b23b7ddfb74ff5ff74798da827fc35","71b23b7ddfb74ff5ff74798da827fc35","0","16.647058823529413","0","17","71b23b7ddfb74ff5ff74798da827fc35","0","17","0.8393832943013271","1","false","0","71b23b7ddfb74ff5ff74798da827fc35","10706","0.5945378151260504","0"
"34.8629032258064","4.372950819672131","0.002814179878175171","0.22867853795688847","0.9338235294117647","17","7","false","e7aaa0fe140a05f9655d88b9576035b4","e7aaa0fe140a05f9655d88b9576035b4","0","16.647058823529413","0","17","e7aaa0fe140a05f9655d88b9576035b4","0","17","0.8393832943013271","1","false","0","e7aaa0fe140a05f9655d88b9576035b4","10706","0.5945378151260504","0"
"20413.3012820513","4.217213114754099","0.002119888282564376","0.23712342079689017","0.8214285714285714","8","7","false","7d2af5620df87d6220d56557948c6fd6","7d2af5620df87d6220d56557948c6fd6","0","9.875","0","8","7d2af5620df87d6220d56557948c6fd6","0","8","0.8467993754879001","1","false","0","7d2af5620df87d6220d56557948c6fd6","3040","0.35267857142857145","0"
"207.7082066869301","3.610655737704918","0.039201626933888914","0.27695800227014755","0.4444444444444444","10","6","false","4f49d25c3ff81e98cb1c7c319a6dd8e0","4f49d25c3ff81e98cb1c7c319a6dd8e0","0","9.1","0","10","4f49d25c3ff81e98cb1c7c319a6dd8e0","0","10","0.8756830601092896","2","false","0","4f49d25c3ff81e98cb1c7c319a6dd8e0","41600","0.2116279069767442","0"
"918.3683168316834","3.7172131147540983","0.0528270724082979","0.269018743109151","0.5514705882352942","17","7","false","e2ababc616020cab0b34361d5a95b0aa","e2ababc616020cab0b34361d5a95b0aa","2","13.705882352941176","0","17","e2ababc616020cab0b34361d5a95b0aa","0","15","0.8706088992974239","2","false","0","e2ababc616020cab0b34361d5a95b0aa","59542","0.25381263616557737","0"
"514.7510373443986","4.790983606557377","0.0","0.20872540633019673","1.0","2","7","false","a2b6a1c001a16c3e19598ee60997e4c1","a2b6a1c001a16c3e19598ee60997e4c1","0","5.0","0","2","a2b6a1c001a16c3e19598ee60997e4c1","0","2","0.8194769711163155","4","false","0","a2b6a1c001a16c3e19598ee60997e4c1","0","0.625","0"
"312.0170940170939","4.245901639344262","0.01601555772913796","0.23552123552123555","0.26666666666666666","6","7","false","63afddccaa9ee6c2211274dfabf16ccd","63afddccaa9ee6c2211274dfabf16ccd","0","7.666666666666667","0","6","63afddccaa9ee6c2211274dfabf16ccd","0","6","0.8454332552693209","3","false","0","63afddccaa9ee6c2211274dfabf16ccd","8632","0.3","0"
"83.3450980392157","4.319672131147541","0.004429612417280155","0.23149905123339662","0.8681318681318682","14","7","false","c1712c2babb798552362d0f7a5ad1fdb","c1712c2babb798552362d0f7a5ad1fdb","0","13.142857142857142","0","14","c1712c2babb798552362d0f7a5ad1fdb","0","14","0.8419203747072599","1","false","0","c1712c2babb798552362d0f7a5ad1fdb","14778","0.5257142857142857","0"
"29.353591160221","4.319672131147541","0.004429612417280155","0.23149905123339662","0.8681318681318682","14","7","false","c74cd6ee957d62712b030be9deeac8c7","c74cd6ee957d62712b030be9deeac8c7","0","13.142857142857142","0","14","c74cd6ee957d62712b030be9deeac8c7","0","14","0.8419203747072599","1","false","0","c74cd6ee957d62712b030be9deeac8c7","14778","0.5257142857142857","0"
"154.752427184466","4.319672131147541","0.004429612417280155","0.23149905123339662","0.8681318681318682","14","7","false","260dc91ce2fd6949337fcdc3f00364d9","260dc91ce2fd6949337fcdc3f00364d9","0","13.142857142857142","0","14","260dc91ce2fd6949337fcdc3f00364d9","0","14","0.8419203747072599","1","false","0","260dc91ce2fd6949337fcdc3f00364d9","14778","0.5257142857142857","0"
"1115.7521367521372","4.25","0.002332301273063312","0.23529411764705882","0.6666666666666666","4","7","false","17655bc5ab3c9aa95104203db536a37f","17655bc5ab3c9aa95104203db536a37f","4","6.25","0","4","17655bc5ab3c9aa95104203db536a37f","0","0","0.8452380952380952","7","false","0","17655bc5ab3c9aa95104203db536a37f","1518","0.4166666666666667","0"
"4390.091133004923","4.360655737704918","0.0022135628344619558","0.2293233082706767","0.5","4","7","false","99c355eb798d9ecb8322cb4a870b974b","99c355eb798d9ecb8322cb4a870b974b","1","8.25","0","4","99c355eb798d9ecb8322cb4a870b974b","0","3","0.839968774395004","6","false","0","99c355eb798d9ecb8322cb4a870b974b","1106","0.38095238095238093","0"
"188.63137254902","3.9262295081967213","0.0046621010485443795","0.2546972860125261","0.8263157894736842","20","6","false","e7d84aa90c6752d41742f5e2652b8cbe","e7d84aa90c6752d41742f5e2652b8cbe","0","18.15","0","20","e7d84aa90c6752d41742f5e2652b8cbe","0","20","0.8606557377049181","1","false","0","e7d84aa90c6752d41742f5e2652b8cbe","22888","0.45375","0"
"119.652985074627","3.9262295081967213","0.0046621010485443795","0.2546972860125261","0.8263157894736842","20","6","false","a352e8a1d416e6dc174048c9a1701a8d","a352e8a1d416e6dc174048c9a1701a8d","0","18.15","0","20","a352e8a1d416e6dc174048c9a1701a8d","0","20","0.8606557377049181","1","false","0","a352e8a1d416e6dc174048c9a1701a8d","22888","0.45375","0"
"11.8423913043478","4.75","0.0","0.21052631578947367","1.0","17","7","false","67ee6992f6c52a18308c3dbd4d36c22d","67ee6992f6c52a18308c3dbd4d36c22d","0","17.470588235294116","0","17","67ee6992f6c52a18308c3dbd4d36c22d","0","17","0.8214285714285714","1","false","0","67ee6992f6c52a18308c3dbd4d36c22d","0","0.8319327731092437","0"
"490.976","3.790983606557377","0.05948467284523052","0.2637837837837838","0.3761904761904762","21","6","false","1b9ba8f1b74e09513badcb0f44eb763d","1b9ba8f1b74e09513badcb0f44eb763d","0","15.047619047619047","0","21","1b9ba8f1b74e09513badcb0f44eb763d","0","21","0.867096018735363","2","false","0","1b9ba8f1b74e09513badcb0f44eb763d","110898","0.32016210739615","0"
"2162.41366906475","3.3237704918032787","0.04249954959182301","0.30086313193588166","0.3090909090909091","11","6","false","2ebf23b6c937b0be7cbc1e682fdcff3b","2ebf23b6c937b0be7cbc1e682fdcff3b","1","10.090909090909092","0","11","2ebf23b6c937b0be7cbc1e682fdcff3b","0","10","0.8893442622950819","5","false","0","2ebf23b6c937b0be7cbc1e682fdcff3b","45570","0.18867924528301888","0"
"309.87383177570115","4.848360655737705","7.839767532854508E-4","0.20625528317836012","0.8681318681318682","14","7","false","5e63aabb56afe166564749aa282a0c67","5e63aabb56afe166564749aa282a0c67","0","18.571428571428573","0","14","5e63aabb56afe166564749aa282a0c67","0","14","0.816744730679157","2","false","0","5e63aabb56afe166564749aa282a0c67","4440","0.7738095238095238","0"
"117.461538461538","3.9262295081967213","0.0046621010485443795","0.2546972860125261","0.8263157894736842","20","6","false","26f73284634c881eb399523a59db3969","26f73284634c881eb399523a59db3969","0","18.15","0","20","26f73284634c881eb399523a59db3969","0","20","0.8606557377049181","1","false","0","26f73284634c881eb399523a59db3969","22888","0.45375","0"
"401.9399999999997","3.9754098360655736","0.03125785223203359","0.2515463917525773","0.26373626373626374","14","6","false","ddfc82d97fda4a5dac26bc932a4895f8","ddfc82d97fda4a5dac26bc932a4895f8","0","7.285714285714286","0","14","ddfc82d97fda4a5dac26bc932a4895f8","0","14","0.8583138173302108","2","false","0","ddfc82d97fda4a5dac26bc932a4895f8","25180","0.18681318681318682","0"
"963.2792079207926","4.237704918032787","0.002521735876766087","0.23597678916827855","0.6","5","6","false","cca4af7c1be410f8a9d223f67eb67492","cca4af7c1be410f8a9d223f67eb67492","0","8.8","0","5","cca4af7c1be410f8a9d223f67eb67492","0","5","0.8458235753317721","3","false","0","cca4af7c1be410f8a9d223f67eb67492","1714","0.32592592592592595","0"
"359.23152709359647","5.659836065573771","1.801015605710349E-4","0.17668356263577117","0.8901098901098901","14","9","false","ce0944243c4eccb6a861497a579f64d1","ce0944243c4eccb6a861497a579f64d1","0","18.714285714285715","0","14","ce0944243c4eccb6a861497a579f64d1","0","14","0.7781030444964872","2","false","0","ce0944243c4eccb6a861497a579f64d1","2400","0.8136645962732919","0"
"13588.324752475295","5.659836065573771","1.801015605710349E-4","0.17668356263577117","0.8901098901098901","14","9","false","7f4b212f3e54ccb78fba678f38db2efc","7f4b212f3e54ccb78fba678f38db2efc","0","18.714285714285715","0","14","7f4b212f3e54ccb78fba678f38db2efc","0","14","0.7781030444964872","2","false","0","7f4b212f3e54ccb78fba678f38db2efc","2400","0.8136645962732919","0"
"31852.61622807016","4.954918032786885","0.0027723637249712158","0.20181968569065342","0.6666666666666666","3","8","false","e5713f07d3966ec1b090cee057955d6c","e5713f07d3966ec1b090cee057955d6c","1","6.666666666666667","0","3","e5713f07d3966ec1b090cee057955d6c","0","2","0.8116705698672911","7","false","0","e5713f07d3966ec1b090cee057955d6c","4754","0.4166666666666667","0"
"1236.0276243093945","4.614754098360656","0.04337368728399751","0.21669626998223798","0.28888888888888886","10","8","false","9e3efae8e141c79d89b4f6d2a8ce1882","9e3efae8e141c79d89b4f6d2a8ce1882","2","11.4","0","10","9e3efae8e141c79d89b4f6d2a8ce1882","0","8","0.8278688524590164","4","false","0","9e3efae8e141c79d89b4f6d2a8ce1882","84694","0.36774193548387096","0"
"21.79","4.75","0.0","0.21052631578947367","1.0","17","7","false","cc3ffad065821967b09f37ee29056605","cc3ffad065821967b09f37ee29056605","0","17.470588235294116","0","17","cc3ffad065821967b09f37ee29056605","0","17","0.8214285714285714","1","false","0","cc3ffad065821967b09f37ee29056605","0","0.8319327731092437","0"
"12718.01333333333","3.4262295081967213","0.019105946553971923","0.291866028708134","0.5818181818181818","11","6","false","8017a96da6fba80ea0e4a78372fb21c4","8017a96da6fba80ea0e4a78372fb21c4","1","11.090909090909092","0","11","8017a96da6fba80ea0e4a78372fb21c4","0","10","0.8844652615144419","8","false","0","8017a96da6fba80ea0e4a78372fb21c4","78388","0.291866028708134","0"
"12282.943925233662","3.5327868852459017","0.03480820150629042","0.28306264501160094","0.3888888888888889","9","6","false","00e150269ecc665d692a72b837db1043","00e150269ecc665d692a72b837db1043","0","12.11111111111111","0","9","00e150269ecc665d692a72b837db1043","0","9","0.8793911007025761","9","false","0","00e150269ecc665d692a72b837db1043","34522","0.27906976744186046","0"
"21478.434579439294","3.4262295081967213","0.011599915682963575","0.291866028708134","0.6060606060606061","12","6","false","66ef2273e4c51e61cdc6f6242d4c4701","66ef2273e4c51e61cdc6f6242d4c4701","0","11.583333333333334","0","12","66ef2273e4c51e61cdc6f6242d4c4701","0","12","0.8844652615144419","9","false","0","66ef2273e4c51e61cdc6f6242d4c4701","37340","0.28958333333333336","0"
"1392.6266666666663","3.487704918032787","0.011938830285172385","0.28672150411280845","0.6","11","6","false","ac373a7cfdb2ef950a76035f44218f80","ac373a7cfdb2ef950a76035f44218f80","1","10.636363636363637","0","11","ac373a7cfdb2ef950a76035f44218f80","0","10","0.8815378610460578","5","false","0","ac373a7cfdb2ef950a76035f44218f80","28268","0.29545454545454547","0"
"19.9908256880734","4.75","0.0","0.21052631578947367","1.0","17","7","false","d48e5673b20363bc551dcbc0f0ed3f81","d48e5673b20363bc551dcbc0f0ed3f81","0","17.470588235294116","0","17","d48e5673b20363bc551dcbc0f0ed3f81","0","17","0.8214285714285714","1","false","0","d48e5673b20363bc551dcbc0f0ed3f81","0","0.8319327731092437","0"
"5.85752688172043","4.75","0.0","0.21052631578947367","1.0","17","7","false","b95459ef51b6854ce66a3eab2c773a74","b95459ef51b6854ce66a3eab2c773a74","0","17.470588235294116","0","17","b95459ef51b6854ce66a3eab2c773a74","0","17","0.8214285714285714","1","false","0","b95459ef51b6854ce66a3eab2c773a74","0","0.8319327731092437","0"
"18.2717391304348","4.979508196721311","1.9541755856630953E-4","0.20082304526748973","0.989010989010989","14","8","false","5fc769516cf804a31ce9e7cba4f5eb58","5fc769516cf804a31ce9e7cba4f5eb58","0","14.071428571428571","0","14","5fc769516cf804a31ce9e7cba4f5eb58","0","14","0.8104996096799375","1","false","0","5fc769516cf804a31ce9e7cba4f5eb58","1394","0.8277310924369747","0"
"6.77822580645161","4.979508196721311","1.9541755856630953E-4","0.20082304526748973","0.989010989010989","14","8","false","c63877fd14c016a7b0f85a3c34129485","c63877fd14c016a7b0f85a3c34129485","0","14.071428571428571","0","14","c63877fd14c016a7b0f85a3c34129485","0","14","0.8104996096799375","1","false","0","c63877fd14c016a7b0f85a3c34129485","1394","0.8277310924369747","0"
"88.2087912087912","6.323770491803279","0.0","0.15813350615683733","1.0","10","9","false","0c926fe9a284d4034332c781e239d1d1","0c926fe9a284d4034332c781e239d1d1","0","11.0","0","10","0c926fe9a284d4034332c781e239d1d1","0","10","0.7464871194379391","1","false","0","0c926fe9a284d4034332c781e239d1d1","0","0.9166666666666666","0"
"30.3614285714286","4.319672131147541","0.004429612417280155","0.23149905123339662","0.8681318681318682","14","7","false","a59ec2fa129625870b48b3b2910847ce","a59ec2fa129625870b48b3b2910847ce","0","13.142857142857142","0","14","a59ec2fa129625870b48b3b2910847ce","0","14","0.8419203747072599","1","false","0","a59ec2fa129625870b48b3b2910847ce","14778","0.5257142857142857","0"
"53.13","4.319672131147541","0.004429612417280155","0.23149905123339662","0.8681318681318682","14","7","false","fcb0fc575d0984c2da7326fcef04b31b","fcb0fc575d0984c2da7326fcef04b31b","0","13.142857142857142","0","14","fcb0fc575d0984c2da7326fcef04b31b","0","14","0.8419203747072599","1","false","0","fcb0fc575d0984c2da7326fcef04b31b","14778","0.5257142857142857","0"
"11.97","4.389344262295082","3.3018989602560136E-4","0.22782446311858076","0.9743589743589743","13","8","false","71699e076f79692b73ac0f12b95b8fcf","71699e076f79692b73ac0f12b95b8fcf","0","13.692307692307692","0","13","71699e076f79692b73ac0f12b95b8fcf","0","13","0.8386026541764247","1","false","0","71699e076f79692b73ac0f12b95b8fcf","984","0.6846153846153846","0"
"35.92","4.389344262295082","3.3018989602560136E-4","0.22782446311858076","0.9743589743589743","13","8","false","ca0b3dc1173cbf636571d0075ecf4693","ca0b3dc1173cbf636571d0075ecf4693","0","13.692307692307692","0","13","ca0b3dc1173cbf636571d0075ecf4693","0","13","0.8386026541764247","1","false","0","ca0b3dc1173cbf636571d0075ecf4693","984","0.6846153846153846","0"
"53.13","4.319672131147541","0.004429612417280155","0.23149905123339662","0.8681318681318682","14","7","false","0ce9a5e133d2f69dd16392760bffc4cc","0ce9a5e133d2f69dd16392760bffc4cc","0","13.142857142857142","0","14","0ce9a5e133d2f69dd16392760bffc4cc","0","14","0.8419203747072599","1","false","0","0ce9a5e133d2f69dd16392760bffc4cc","14778","0.5257142857142857","0"
"22.7051282051282","4.319672131147541","0.004429612417280155","0.23149905123339662","0.8681318681318682","14","7","false","6ecf0296fb3d7cd52d4e23df04548b74","6ecf0296fb3d7cd52d4e23df04548b74","0","13.142857142857142","0","14","6ecf0296fb3d7cd52d4e23df04548b74","0","14","0.8419203747072599","1","false","0","6ecf0296fb3d7cd52d4e23df04548b74","14778","0.5257142857142857","0"
"857.552857142858","4.184426229508197","0.042400453103469606","0.23898139079333985","0.8484848484848485","12","7","false","3a1275bd4e7d18e8a1d365b08e9393c8","3a1275bd4e7d18e8a1d365b08e9393c8","0","19.166666666666668","0","12","3a1275bd4e7d18e8a1d365b08e9393c8","0","12","0.8483606557377049","2","false","0","3a1275bd4e7d18e8a1d365b08e9393c8","168020","0.6845238095238095","0"
"11.705","3.7172131147540983","0.0528270724082979","0.269018743109151","0.5514705882352942","17","7","false","4be0ea3746ea3e22ae52e99f64f427a7","4be0ea3746ea3e22ae52e99f64f427a7","2","13.705882352941176","0","17","4be0ea3746ea3e22ae52e99f64f427a7","0","15","0.8706088992974239","2","false","0","4be0ea3746ea3e22ae52e99f64f427a7","59542","0.25381263616557737","0"
"57873.01231527098","4.827868852459017","0.011449456330313095","0.20713073005093377","0.2","5","8","false","d9658e3cb3bbe606e15e18c9582c5d4d","d9658e3cb3bbe606e15e18c9582c5d4d","3","7.2","0","5","d9658e3cb3bbe606e15e18c9582c5d4d","0","2","0.817720530835285","9","false","0","d9658e3cb3bbe606e15e18c9582c5d4d","7720","0.28","0"
"19326.96078431378","3.942622950819672","0.01698612977747968","0.25363825363825365","0.2857142857142857","8","7","false","c4a0fcb67bd8ace9174287c3c51a4f7f","c4a0fcb67bd8ace9174287c3c51a4f7f","1","7.75","0","8","c4a0fcb67bd8ace9174287c3c51a4f7f","0","7","0.8598750975800156","3","false","0","c4a0fcb67bd8ace9174287c3c51a4f7f","6582","0.23484848484848486","0"
"553.7527272727274","4.540983606557377","0.0012014818096898051","0.22021660649819494","0.6","6","7","false","9480c1003caab2a6f8c8f808805b4664","9480c1003caab2a6f8c8f808805b4664","0","7.5","0","6","9480c1003caab2a6f8c8f808805b4664","0","6","0.8313817330210773","3","false","0","9480c1003caab2a6f8c8f808805b4664","794","0.3409090909090909","0"
"25.52941176470592","5.274590163934426","0.0","0.1895881895881896","1.0","11","8","false","ba4262a1f0b93aad1b0f1ede2b19cc34","ba4262a1f0b93aad1b0f1ede2b19cc34","0","13.454545454545455","0","11","ba4262a1f0b93aad1b0f1ede2b19cc34","0","11","0.7964480874316939","2","false","0","ba4262a1f0b93aad1b0f1ede2b19cc34","0","0.961038961038961","0"
"50.0070588235294","4.319672131147541","0.004429612417280155","0.23149905123339662","0.8681318681318682","14","7","false","c9bb5a8bffb498828fb19c279ce9043f","c9bb5a8bffb498828fb19c279ce9043f","0","13.142857142857142","0","14","c9bb5a8bffb498828fb19c279ce9043f","0","14","0.8419203747072599","1","false","0","c9bb5a8bffb498828fb19c279ce9043f","14778","0.5257142857142857","0"
"142.5298507462686","4.184426229508197","0.042400453103469606","0.23898139079333985","0.8484848484848485","12","7","false","388ca80b24243b3e41eb417346d2b0a9","388ca80b24243b3e41eb417346d2b0a9","0","19.166666666666668","0","12","388ca80b24243b3e41eb417346d2b0a9","0","12","0.8483606557377049","2","false","0","388ca80b24243b3e41eb417346d2b0a9","168020","0.6845238095238095","0"
"48.4344422700587","4.741803278688525","0.004545741486654658","0.21089023336214346","0.7666666666666667","21","8","false","20842eed10c1585f54bdfd065e2fa318","20842eed10c1585f54bdfd065e2fa318","0","17.952380952380953","0","21","20842eed10c1585f54bdfd065e2fa318","0","21","0.8218188914910226","1","false","0","20842eed10c1585f54bdfd065e2fa318","38570","0.6190476190476191","0"
"73.7185714285714","4.229508196721311","0.0744315841925793","0.2364341085271318","0.5087719298245614","19","8","false","e5866af1d0e47fb983e9ffbd07439e1e","e5866af1d0e47fb983e9ffbd07439e1e","1","13.894736842105264","0","19","e5866af1d0e47fb983e9ffbd07439e1e","0","18","0.8462138953942232","2","false","0","e5866af1d0e47fb983e9ffbd07439e1e","133582","0.3549257759784076","0"
"13.8547008547009","4.372950819672131","0.002814179878175171","0.22867853795688847","0.9338235294117647","17","7","false","e813ef5fdd9153f385d2f3fab24390f1","e813ef5fdd9153f385d2f3fab24390f1","0","16.647058823529413","0","17","e813ef5fdd9153f385d2f3fab24390f1","0","17","0.8393832943013271","1","false","0","e813ef5fdd9153f385d2f3fab24390f1","10706","0.5945378151260504","0"
"162.3733333333337","4.864754098360656","0.00888876334955345","0.20556023588879527","0.8761904761904762","15","8","false","452cf839a8ea45d1d643ff55294cd661","452cf839a8ea45d1d643ff55294cd661","0","16.066666666666666","0","15","452cf839a8ea45d1d643ff55294cd661","0","15","0.8159640905542545","2","false","0","452cf839a8ea45d1d643ff55294cd661","3952","0.765079365079365","0"
"14.4088888888889","4.372950819672131","0.002814179878175171","0.22867853795688847","0.9338235294117647","17","7","false","de73f4a7e6d0883cd1490eefe65eff4a","de73f4a7e6d0883cd1490eefe65eff4a","0","16.647058823529413","0","17","de73f4a7e6d0883cd1490eefe65eff4a","0","17","0.8393832943013271","1","false","0","de73f4a7e6d0883cd1490eefe65eff4a","10706","0.5945378151260504","0"
"6.59072580645161","4.75","0.0","0.21052631578947367","1.0","17","7","false","ceba7af727b1a8620a85e9002f5ebaca","ceba7af727b1a8620a85e9002f5ebaca","0","17.470588235294116","0","17","ceba7af727b1a8620a85e9002f5ebaca","0","17","0.8214285714285714","1","false","0","ceba7af727b1a8620a85e9002f5ebaca","0","0.8319327731092437","0"
"221.0805860805865","3.819672131147541","0.06926464605762839","0.26180257510729615","0.680952380952381","21","6","false","46605a92c3dc30f667133591cd03eaa5","46605a92c3dc30f667133591cd03eaa5","1","16.285714285714285","0","21","46605a92c3dc30f667133591cd03eaa5","0","20","0.8657298985167837","2","false","0","46605a92c3dc30f667133591cd03eaa5","40338","0.3877551020408163","0"
"188.45161290322523","4.733606557377049","0.0039869690716658355","0.21125541125541125","0.42857142857142855","8","8","false","0fa5b382c7e3138d4093e079babc377e","0fa5b382c7e3138d4093e079babc377e","1","14.5","0","8","0fa5b382c7e3138d4093e079babc377e","0","7","0.8222092115534737","4","false","0","0fa5b382c7e3138d4093e079babc377e","4474","0.58","0"
"71.32258064516131","4.770491803278689","0.0089904550932396","0.20962199312714777","0.6549707602339181","19","8","false","d06e3ba10aeb6743e8742b3e2c1d9869","d06e3ba10aeb6743e8742b3e2c1d9869","0","17.36842105263158","0","19","d06e3ba10aeb6743e8742b3e2c1d9869","0","19","0.8204527712724434","2","false","0","d06e3ba10aeb6743e8742b3e2c1d9869","31530","0.4694167852062589","0"
"35.3571428571429","4.741803278688525","0.004545741486654658","0.21089023336214346","0.7666666666666667","21","8","false","9c2436646967ad8a9a31f3b246f7ca51","9c2436646967ad8a9a31f3b246f7ca51","0","17.952380952380953","0","21","9c2436646967ad8a9a31f3b246f7ca51","0","21","0.8218188914910226","1","false","0","9c2436646967ad8a9a31f3b246f7ca51","38570","0.6190476190476191","0"
"152.304615384615","4.741803278688525","0.004545741486654658","0.21089023336214346","0.7666666666666667","21","8","false","c541c1fc120bb8593c795bc43ebc38d2","c541c1fc120bb8593c795bc43ebc38d2","0","17.952380952380953","0","21","c541c1fc120bb8593c795bc43ebc38d2","0","21","0.8218188914910226","1","false","0","c541c1fc120bb8593c795bc43ebc38d2","38570","0.6190476190476191","0"
"5299.388118811878","5.659836065573771","1.801015605710349E-4","0.17668356263577117","0.8901098901098901","14","9","false","53fc217d131eba791aad2c4200f0c491","53fc217d131eba791aad2c4200f0c491","0","18.714285714285715","0","14","53fc217d131eba791aad2c4200f0c491","0","14","0.7781030444964872","2","false","0","53fc217d131eba791aad2c4200f0c491","2400","0.8136645962732919","0"
"445.938888888889","6.323770491803279","0.0","0.15813350615683733","1.0","10","9","false","53b0b695f0c9a01b18f142a2fd878b4f","53b0b695f0c9a01b18f142a2fd878b4f","0","11.0","0","10","53b0b695f0c9a01b18f142a2fd878b4f","0","10","0.7464871194379391","1","false","0","53b0b695f0c9a01b18f142a2fd878b4f","0","0.9166666666666666","0"
"73.51814516129033","5.364754098360656","0.011043648384267654","0.18640183346065697","0.803030303030303","12","8","false","f21bd7a6bf2c7dbb10335d5480ce649e","f21bd7a6bf2c7dbb10335d5480ce649e","0","9.916666666666666","0","12","f21bd7a6bf2c7dbb10335d5480ce649e","0","12","0.7921545667447306","2","false","0","f21bd7a6bf2c7dbb10335d5480ce649e","40556","0.7628205128205128","0"
"18.1699544764795","4.389344262295082","3.3018989602560136E-4","0.22782446311858076","0.9743589743589743","13","8","false","b1a346a7c64166809d9049fcec36f547","b1a346a7c64166809d9049fcec36f547","0","13.692307692307692","0","13","b1a346a7c64166809d9049fcec36f547","0","13","0.8386026541764247","1","false","0","b1a346a7c64166809d9049fcec36f547","984","0.6846153846153846","0"
"11.8564356435644","4.389344262295082","3.3018989602560136E-4","0.22782446311858076","0.9743589743589743","13","8","false","08abc6dfcd8eccfcb0de4ae667cde68e","08abc6dfcd8eccfcb0de4ae667cde68e","0","13.692307692307692","0","13","08abc6dfcd8eccfcb0de4ae667cde68e","0","13","0.8386026541764247","1","false","0","08abc6dfcd8eccfcb0de4ae667cde68e","984","0.6846153846153846","0"
"578.3224299065428","4.225409836065574","0.0027501052555099397","0.2366634335596508","0.5333333333333333","6","7","false","ed8fa4e44ba531be98149a22ec314370","ed8fa4e44ba531be98149a22ec314370","0","9.166666666666666","0","6","ed8fa4e44ba531be98149a22ec314370","0","6","0.8464090554254489","4","false","0","ed8fa4e44ba531be98149a22ec314370","4326","0.2696078431372549","0"
"2752.301538461537","3.5040983606557377","0.025760629413522897","0.28538011695906434","0.44871794871794873","13","6","false","7adaf5ed6235cd7a49eae74fa58f75b8","7adaf5ed6235cd7a49eae74fa58f75b8","1","10.615384615384615","0","13","7adaf5ed6235cd7a49eae74fa58f75b8","0","12","0.8807572209211553","5","false","0","7adaf5ed6235cd7a49eae74fa58f75b8","49452","0.21664050235478807","0"
