"abundance","degree","Label","name","negdegree","oriID","posdegree","samplecount","selected","shared name","unknowndegree"
"65.41","1","e8dd37d81f4b2e7ee12fceceae7ec6ac","e8dd37d81f4b2e7ee12fceceae7ec6ac","0","e8dd37d81f4b2e7ee12fceceae7ec6ac","1","1","false","e8dd37d81f4b2e7ee12fceceae7ec6ac","0"
"73.2266666666667","1","f16682e376f17af4b5f16be7a13481b8","f16682e376f17af4b5f16be7a13481b8","0","f16682e376f17af4b5f16be7a13481b8","1","2","false","f16682e376f17af4b5f16be7a13481b8","0"
"15274.037383177565","1","de3055f9c82028971556a1d9c2644af6","de3055f9c82028971556a1d9c2644af6","0","de3055f9c82028971556a1d9c2644af6","1","17","false","de3055f9c82028971556a1d9c2644af6","0"
"34406.52549019606","1","80a15949bdc9de77a5bd2ee0cfeb6bb2","80a15949bdc9de77a5bd2ee0cfeb6bb2","0","80a15949bdc9de77a5bd2ee0cfeb6bb2","1","6","false","80a15949bdc9de77a5bd2ee0cfeb6bb2","0"
"211.6379310344828","1","ce0944243c4eccb6a861497a579f64d1","ce0944243c4eccb6a861497a579f64d1","0","ce0944243c4eccb6a861497a579f64d1","1","5","false","ce0944243c4eccb6a861497a579f64d1","0"
"865.7719999999999","1","df8496229917f3c6d99a6513153f92aa","df8496229917f3c6d99a6513153f92aa","0","df8496229917f3c6d99a6513153f92aa","1","6","false","df8496229917f3c6d99a6513153f92aa","0"
"1473.6133333333332","2","7e3e78545651380b1d61f52fa91259fa","7e3e78545651380b1d61f52fa91259fa","0","7e3e78545651380b1d61f52fa91259fa","2","13","false","7e3e78545651380b1d61f52fa91259fa","0"
"4.36331569664903","1","3e25658ececdb6c238cc37cfd894e96d","3e25658ececdb6c238cc37cfd894e96d","0","3e25658ececdb6c238cc37cfd894e96d","1","1","false","3e25658ececdb6c238cc37cfd894e96d","0"
"7.29793510324484","1","cb38dea97ef1b678ee12a3f032bacd61","cb38dea97ef1b678ee12a3f032bacd61","0","cb38dea97ef1b678ee12a3f032bacd61","1","1","false","cb38dea97ef1b678ee12a3f032bacd61","0"
"47.9194139194139","1","b2592d541d9f2c9646335251acd88e0c","b2592d541d9f2c9646335251acd88e0c","0","b2592d541d9f2c9646335251acd88e0c","1","1","false","b2592d541d9f2c9646335251acd88e0c","0"
"32.95084745762707","1","8340610a1b8e204cb4463c7599e7cf75","8340610a1b8e204cb4463c7599e7cf75","0","8340610a1b8e204cb4463c7599e7cf75","1","4","false","8340610a1b8e204cb4463c7599e7cf75","0"
"706.1965517241379","1","3305240d105f928b8fdaff57e717ab57","3305240d105f928b8fdaff57e717ab57","0","3305240d105f928b8fdaff57e717ab57","1","4","false","3305240d105f928b8fdaff57e717ab57","0"
"2.48931623931624","3","76aa1dfc6c4718c9bc3c07823d1f95af","76aa1dfc6c4718c9bc3c07823d1f95af","0","76aa1dfc6c4718c9bc3c07823d1f95af","3","1","false","76aa1dfc6c4718c9bc3c07823d1f95af","0"
"8555.991701244815","3","346b428e5eed31e4d84bba059ce83ebd","346b428e5eed31e4d84bba059ce83ebd","0","346b428e5eed31e4d84bba059ce83ebd","3","11","false","346b428e5eed31e4d84bba059ce83ebd","0"
"314.3621262458478","2","4bd3d195ec0db456791b7cad750614a1","4bd3d195ec0db456791b7cad750614a1","0","4bd3d195ec0db456791b7cad750614a1","2","7","false","4bd3d195ec0db456791b7cad750614a1","0"
"11642.630769230767","2","7adaf5ed6235cd7a49eae74fa58f75b8","7adaf5ed6235cd7a49eae74fa58f75b8","1","7adaf5ed6235cd7a49eae74fa58f75b8","1","14","false","7adaf5ed6235cd7a49eae74fa58f75b8","0"
"13.445652173913","1","5fc769516cf804a31ce9e7cba4f5eb58","5fc769516cf804a31ce9e7cba4f5eb58","0","5fc769516cf804a31ce9e7cba4f5eb58","1","1","false","5fc769516cf804a31ce9e7cba4f5eb58","0"
"15.16076294277929","5","5dfdba7e06785ab4426c0d8847841dd9","5dfdba7e06785ab4426c0d8847841dd9","0","5dfdba7e06785ab4426c0d8847841dd9","5","2","false","5dfdba7e06785ab4426c0d8847841dd9","0"
"41.1933333333333","6","9998b6c63bb87136d5c56a1f742202ff","9998b6c63bb87136d5c56a1f742202ff","0","9998b6c63bb87136d5c56a1f742202ff","6","1","false","9998b6c63bb87136d5c56a1f742202ff","0"
"217.8","2","c35ad1321ecfd8ecceb63c03ca92d668","c35ad1321ecfd8ecceb63c03ca92d668","0","c35ad1321ecfd8ecceb63c03ca92d668","2","4","false","c35ad1321ecfd8ecceb63c03ca92d668","0"
"41.5057142857143","6","c882ad324fc09eb794a7002795673b22","c882ad324fc09eb794a7002795673b22","0","c882ad324fc09eb794a7002795673b22","6","1","false","c882ad324fc09eb794a7002795673b22","0"
"7486.740196078435","1","74ce7ffcdbd4eb635540a500b2cd02eb","74ce7ffcdbd4eb635540a500b2cd02eb","0","74ce7ffcdbd4eb635540a500b2cd02eb","1","6","false","74ce7ffcdbd4eb635540a500b2cd02eb","0"
"468.81642512077326","1","8efb0ba83182c7beca8a5d87e4f240c8","8efb0ba83182c7beca8a5d87e4f240c8","0","8efb0ba83182c7beca8a5d87e4f240c8","1","6","false","8efb0ba83182c7beca8a5d87e4f240c8","0"
"11.62","6","231962858d6941a44e4a1db22354ab8e","231962858d6941a44e4a1db22354ab8e","0","231962858d6941a44e4a1db22354ab8e","6","1","false","231962858d6941a44e4a1db22354ab8e","0"
"13.3597883597884","3","da10251157a4659a0d188762b5b4b2f2","da10251157a4659a0d188762b5b4b2f2","0","da10251157a4659a0d188762b5b4b2f2","3","1","false","da10251157a4659a0d188762b5b4b2f2","0"
"86.5149253731344","6","331164b7d0bd4592282198785f74a221","331164b7d0bd4592282198785f74a221","0","331164b7d0bd4592282198785f74a221","6","2","false","331164b7d0bd4592282198785f74a221","0"
"49.4733333333333","1","acfeb183c752d220d5cf5c1c71ff3ffb","acfeb183c752d220d5cf5c1c71ff3ffb","0","acfeb183c752d220d5cf5c1c71ff3ffb","1","1","false","acfeb183c752d220d5cf5c1c71ff3ffb","0"
"34.060000000000045","1","e5866af1d0e47fb983e9ffbd07439e1e","e5866af1d0e47fb983e9ffbd07439e1e","0","e5866af1d0e47fb983e9ffbd07439e1e","1","3","false","e5866af1d0e47fb983e9ffbd07439e1e","0"
"9930.950166112954","1","f1b5eea1cd51401058a5f4fc026ceb72","f1b5eea1cd51401058a5f4fc026ceb72","0","f1b5eea1cd51401058a5f4fc026ceb72","1","6","false","f1b5eea1cd51401058a5f4fc026ceb72","0"
"753.426666666667","1","705aad65e4917f063b3e9f99873f8297","705aad65e4917f063b3e9f99873f8297","0","705aad65e4917f063b3e9f99873f8297","1","6","false","705aad65e4917f063b3e9f99873f8297","0"
"3295.7948717948707","2","8c2d3cc25ff3b1e5d11aaefa2c05db65","8c2d3cc25ff3b1e5d11aaefa2c05db65","0","8c2d3cc25ff3b1e5d11aaefa2c05db65","2","5","false","8c2d3cc25ff3b1e5d11aaefa2c05db65","0"
"68.36021505376337","1","54eba2ea0f34a0f7fe1df13ccd64967d","54eba2ea0f34a0f7fe1df13ccd64967d","0","54eba2ea0f34a0f7fe1df13ccd64967d","1","4","false","54eba2ea0f34a0f7fe1df13ccd64967d","0"
"1327.9569620253153","1","6b2d24cd793fa5ae98b705c0d8806b24","6b2d24cd793fa5ae98b705c0d8806b24","0","6b2d24cd793fa5ae98b705c0d8806b24","1","11","false","6b2d24cd793fa5ae98b705c0d8806b24","0"
"22.8547008547009","4","e1bde6063ea3b8bb6d015b9d607e3d88","e1bde6063ea3b8bb6d015b9d607e3d88","0","e1bde6063ea3b8bb6d015b9d607e3d88","4","1","false","e1bde6063ea3b8bb6d015b9d607e3d88","0"
"1555.44666666667","9","2e1f22e0ab1c9ca2f846cdc80b5b2218","2e1f22e0ab1c9ca2f846cdc80b5b2218","0","2e1f22e0ab1c9ca2f846cdc80b5b2218","9","2","false","2e1f22e0ab1c9ca2f846cdc80b5b2218","0"
"96.18428571428569","2","a59ec2fa129625870b48b3b2910847ce","a59ec2fa129625870b48b3b2910847ce","0","a59ec2fa129625870b48b3b2910847ce","2","3","false","a59ec2fa129625870b48b3b2910847ce","0"
"11.655","3","adef6fa22da28168b9fed90cc8d89869","adef6fa22da28168b9fed90cc8d89869","0","adef6fa22da28168b9fed90cc8d89869","3","1","false","adef6fa22da28168b9fed90cc8d89869","0"
"65628.65201465205","2","9fa1d85f43062fed2cca1f4f85345cc8","9fa1d85f43062fed2cca1f4f85345cc8","0","9fa1d85f43062fed2cca1f4f85345cc8","2","7","false","9fa1d85f43062fed2cca1f4f85345cc8","0"
"1662.2820512820515","5","9214e5b3e5b4eaf8aa23aa6ab4c22fa8","9214e5b3e5b4eaf8aa23aa6ab4c22fa8","0","9214e5b3e5b4eaf8aa23aa6ab4c22fa8","5","4","false","9214e5b3e5b4eaf8aa23aa6ab4c22fa8","0"
"196.7784810126584","8","c5cff10394595097c5dd5dc2c0601ac2","c5cff10394595097c5dd5dc2c0601ac2","0","c5cff10394595097c5dd5dc2c0601ac2","8","2","false","c5cff10394595097c5dd5dc2c0601ac2","0"
"1164.09523809524","7","083336034f07fc6af6065fec41e938d9","083336034f07fc6af6065fec41e938d9","0","083336034f07fc6af6065fec41e938d9","7","1","false","083336034f07fc6af6065fec41e938d9","0"
"468.4484848484851","3","138c037a2f74df7e23b648bab1bbbd9f","138c037a2f74df7e23b648bab1bbbd9f","0","138c037a2f74df7e23b648bab1bbbd9f","3","5","false","138c037a2f74df7e23b648bab1bbbd9f","0"
"165.9004149377593","2","566036e40499b4365e9a177af5a5b087","566036e40499b4365e9a177af5a5b087","0","566036e40499b4365e9a177af5a5b087","2","3","false","566036e40499b4365e9a177af5a5b087","0"
"4.85098039215686","1","70b8cd20ca663ea469e83607908eef8a","70b8cd20ca663ea469e83607908eef8a","0","70b8cd20ca663ea469e83607908eef8a","1","1","false","70b8cd20ca663ea469e83607908eef8a","0"
"59638.27931034481","5","eca0fdbd027ad8f750dac59ab54ccaad","eca0fdbd027ad8f750dac59ab54ccaad","2","eca0fdbd027ad8f750dac59ab54ccaad","3","16","false","eca0fdbd027ad8f750dac59ab54ccaad","0"
"21.779914529914493","2","d0aa73aec7cd414e25e1cb096d168444","d0aa73aec7cd414e25e1cb096d168444","0","d0aa73aec7cd414e25e1cb096d168444","2","3","false","d0aa73aec7cd414e25e1cb096d168444","0"
"1190.196261682243","1","033fd5969b7694ae4aec3e71975ddbdf","033fd5969b7694ae4aec3e71975ddbdf","0","033fd5969b7694ae4aec3e71975ddbdf","1","8","false","033fd5969b7694ae4aec3e71975ddbdf","0"
"10.695","4","27f761b6fc5fe6d79f8af1d9c8cca207","27f761b6fc5fe6d79f8af1d9c8cca207","0","27f761b6fc5fe6d79f8af1d9c8cca207","4","1","false","27f761b6fc5fe6d79f8af1d9c8cca207","0"
"12.2307692307692","4","cd611c2e479dfd7f23747f6bb4107de6","cd611c2e479dfd7f23747f6bb4107de6","0","cd611c2e479dfd7f23747f6bb4107de6","4","1","false","cd611c2e479dfd7f23747f6bb4107de6","0"
"4.37","3","92a85d77da227f41d9eb5c646aebad81","92a85d77da227f41d9eb5c646aebad81","0","92a85d77da227f41d9eb5c646aebad81","3","1","false","92a85d77da227f41d9eb5c646aebad81","0"
"256.96999999999997","3","edbaa55632fe379893fb80e86d15c9d2","edbaa55632fe379893fb80e86d15c9d2","0","edbaa55632fe379893fb80e86d15c9d2","3","3","false","edbaa55632fe379893fb80e86d15c9d2","0"
"361.29","10","3c6412471c7032526d5b90565e1aca89","3c6412471c7032526d5b90565e1aca89","0","3c6412471c7032526d5b90565e1aca89","10","2","false","3c6412471c7032526d5b90565e1aca89","0"
"466.35","2","aac6942944de8b56409ec4a46230d0f4","aac6942944de8b56409ec4a46230d0f4","0","aac6942944de8b56409ec4a46230d0f4","2","1","false","aac6942944de8b56409ec4a46230d0f4","0"
"1166.0900000000001","2","ac1d4aa125553cc9935da5e2b10c6a06","ac1d4aa125553cc9935da5e2b10c6a06","2","ac1d4aa125553cc9935da5e2b10c6a06","0","13","false","ac1d4aa125553cc9935da5e2b10c6a06","0"
"2.85394456289979","7","9d013757b3a26114cad6374303ee51db","9d013757b3a26114cad6374303ee51db","0","9d013757b3a26114cad6374303ee51db","7","1","false","9d013757b3a26114cad6374303ee51db","0"
"62.309139784946204","6","4dfb4b4cd005bb9baa33d5c4960d419f","4dfb4b4cd005bb9baa33d5c4960d419f","0","4dfb4b4cd005bb9baa33d5c4960d419f","6","4","false","4dfb4b4cd005bb9baa33d5c4960d419f","0"
"339.87","6","467ae818aaef032ca251a8bc17fb7f20","467ae818aaef032ca251a8bc17fb7f20","0","467ae818aaef032ca251a8bc17fb7f20","6","1","false","467ae818aaef032ca251a8bc17fb7f20","0"
"418.88017118402274","5","f251cc3f8b1e2d24f24c6d140e1f2f96","f251cc3f8b1e2d24f24c6d140e1f2f96","0","f251cc3f8b1e2d24f24c6d140e1f2f96","5","3","false","f251cc3f8b1e2d24f24c6d140e1f2f96","0"
"141.2467532467533","3","a37ff25a6b06c22a51f4d915340088b3","a37ff25a6b06c22a51f4d915340088b3","0","a37ff25a6b06c22a51f4d915340088b3","3","3","false","a37ff25a6b06c22a51f4d915340088b3","0"
"424.27522935779774","2","a523f8b296f8d2d877e65b1294849ce2","a523f8b296f8d2d877e65b1294849ce2","0","a523f8b296f8d2d877e65b1294849ce2","2","5","false","a523f8b296f8d2d877e65b1294849ce2","0"
"2899.4983333333325","3","bfe0294ca9d06a18556ded41f273f280","bfe0294ca9d06a18556ded41f273f280","1","bfe0294ca9d06a18556ded41f273f280","2","7","false","bfe0294ca9d06a18556ded41f273f280","0"
"93.06490384615384","3","e4f0a6d3d158aff627856104e034a270","e4f0a6d3d158aff627856104e034a270","0","e4f0a6d3d158aff627856104e034a270","3","4","false","e4f0a6d3d158aff627856104e034a270","0"
"37913.41588785046","9","66ef2273e4c51e61cdc6f6242d4c4701","66ef2273e4c51e61cdc6f6242d4c4701","0","66ef2273e4c51e61cdc6f6242d4c4701","9","18","false","66ef2273e4c51e61cdc6f6242d4c4701","0"
"106.193277310924","3","ed08512ea6884263842efdef21c2dc4e","ed08512ea6884263842efdef21c2dc4e","0","ed08512ea6884263842efdef21c2dc4e","3","1","false","ed08512ea6884263842efdef21c2dc4e","0"
"49379.74333333333","5","d5451f8112e0765c8574042d9fd0b500","d5451f8112e0765c8574042d9fd0b500","0","d5451f8112e0765c8574042d9fd0b500","5","14","false","d5451f8112e0765c8574042d9fd0b500","0"
"8536.85","2","dab5f5a6271df07b64ef98d14016e9d2","dab5f5a6271df07b64ef98d14016e9d2","0","dab5f5a6271df07b64ef98d14016e9d2","2","8","false","dab5f5a6271df07b64ef98d14016e9d2","0"
"3.565","4","8292e3bba5a912aa6913008b39e3b7dd","8292e3bba5a912aa6913008b39e3b7dd","0","8292e3bba5a912aa6913008b39e3b7dd","4","1","false","8292e3bba5a912aa6913008b39e3b7dd","0"
"19.5671641791045","3","a352e8a1d416e6dc174048c9a1701a8d","a352e8a1d416e6dc174048c9a1701a8d","0","a352e8a1d416e6dc174048c9a1701a8d","3","1","false","a352e8a1d416e6dc174048c9a1701a8d","0"
"106.25641025641019","2","63afddccaa9ee6c2211274dfabf16ccd","63afddccaa9ee6c2211274dfabf16ccd","0","63afddccaa9ee6c2211274dfabf16ccd","2","4","false","63afddccaa9ee6c2211274dfabf16ccd","0"
"318.48255813953494","1","095c18ce75acdc5d096dbaff2ea248b0","095c18ce75acdc5d096dbaff2ea248b0","0","095c18ce75acdc5d096dbaff2ea248b0","1","6","false","095c18ce75acdc5d096dbaff2ea248b0","0"
"2671.3","3","1eb2dc0b8453cf4b407dadbefa82df10","1eb2dc0b8453cf4b407dadbefa82df10","0","1eb2dc0b8453cf4b407dadbefa82df10","3","4","false","1eb2dc0b8453cf4b407dadbefa82df10","0"
"209.55755395683428","4","fa4c4185b44d1c0f499d79c11ded6c9e","fa4c4185b44d1c0f499d79c11ded6c9e","0","fa4c4185b44d1c0f499d79c11ded6c9e","4","6","false","fa4c4185b44d1c0f499d79c11ded6c9e","0"
"66.64268292682928","1","e5384072d78a662fff1a908f7b1ca226","e5384072d78a662fff1a908f7b1ca226","0","e5384072d78a662fff1a908f7b1ca226","1","5","false","e5384072d78a662fff1a908f7b1ca226","0"
"10.9266666666667","6","ddfc82d97fda4a5dac26bc932a4895f8","ddfc82d97fda4a5dac26bc932a4895f8","0","ddfc82d97fda4a5dac26bc932a4895f8","6","1","false","ddfc82d97fda4a5dac26bc932a4895f8","0"
"99.6611295681063","9","c829c79b8f0954bfc6303f8cd4b017e8","c829c79b8f0954bfc6303f8cd4b017e8","0","c829c79b8f0954bfc6303f8cd4b017e8","9","2","false","c829c79b8f0954bfc6303f8cd4b017e8","0"
"709391.321518987","1","10568bb8bbac7cc28727d73726791575","10568bb8bbac7cc28727d73726791575","0","10568bb8bbac7cc28727d73726791575","1","6","false","10568bb8bbac7cc28727d73726791575","0"
"5.39717741935484","7","f7e3f99130de9fbdb1a3d5bddf6ae280","f7e3f99130de9fbdb1a3d5bddf6ae280","0","f7e3f99130de9fbdb1a3d5bddf6ae280","7","1","false","f7e3f99130de9fbdb1a3d5bddf6ae280","0"
"5.82666666666667","3","1600a142e6e68de2c28c68ae5342d0ab","1600a142e6e68de2c28c68ae5342d0ab","0","1600a142e6e68de2c28c68ae5342d0ab","3","1","false","1600a142e6e68de2c28c68ae5342d0ab","0"
"50952.92999999999","2","347108af27d4af945240361604fce81e","347108af27d4af945240361604fce81e","0","347108af27d4af945240361604fce81e","2","18","false","347108af27d4af945240361604fce81e","0"
"40.51034482758627","2","2fb3baa9e1c3adaa402d39c4016c6d3e","2fb3baa9e1c3adaa402d39c4016c6d3e","0","2fb3baa9e1c3adaa402d39c4016c6d3e","2","3","false","2fb3baa9e1c3adaa402d39c4016c6d3e","0"
"46.4866666666667","6","ca4cc339c6e840bdc324ddc5945953ad","ca4cc339c6e840bdc324ddc5945953ad","0","ca4cc339c6e840bdc324ddc5945953ad","6","1","false","ca4cc339c6e840bdc324ddc5945953ad","0"
"325.92","7","030c33bd1fe417e19d57a8d5499d7c6f","030c33bd1fe417e19d57a8d5499d7c6f","0","030c33bd1fe417e19d57a8d5499d7c6f","7","2","false","030c33bd1fe417e19d57a8d5499d7c6f","0"
"65.41","1","2b534849c8ad914a3dd82e93617e5042","2b534849c8ad914a3dd82e93617e5042","0","2b534849c8ad914a3dd82e93617e5042","1","1","false","2b534849c8ad914a3dd82e93617e5042","0"
"242.208333333333","3","391c1f4fb66c294db7f2f064a9146359","391c1f4fb66c294db7f2f064a9146359","0","391c1f4fb66c294db7f2f064a9146359","3","1","false","391c1f4fb66c294db7f2f064a9146359","0"
"145.4","8","b9a7746f999af4eb407c6f8693af7028","b9a7746f999af4eb407c6f8693af7028","0","b9a7746f999af4eb407c6f8693af7028","8","2","false","b9a7746f999af4eb407c6f8693af7028","0"
"14.9939393939394","1","f8c5b84f6cfa8d0e580f0b1ce472a676","f8c5b84f6cfa8d0e580f0b1ce472a676","0","f8c5b84f6cfa8d0e580f0b1ce472a676","1","1","false","f8c5b84f6cfa8d0e580f0b1ce472a676","0"
"587.5333333333339","1","b5ec77f8a75e3531fa389f2fdaca01eb","b5ec77f8a75e3531fa389f2fdaca01eb","0","b5ec77f8a75e3531fa389f2fdaca01eb","1","8","false","b5ec77f8a75e3531fa389f2fdaca01eb","0"
"7270.7264957264915","1","6ecf0296fb3d7cd52d4e23df04548b74","6ecf0296fb3d7cd52d4e23df04548b74","0","6ecf0296fb3d7cd52d4e23df04548b74","1","13","false","6ecf0296fb3d7cd52d4e23df04548b74","0"
"1232.1215469613257","4","e59263bb85077ce53df75c4f7474e8a0","e59263bb85077ce53df75c4f7474e8a0","0","e59263bb85077ce53df75c4f7474e8a0","4","6","false","e59263bb85077ce53df75c4f7474e8a0","0"
"5.73571428571429","7","f422ba2588f4589b8a1184d242499008","f422ba2588f4589b8a1184d242499008","0","f422ba2588f4589b8a1184d242499008","7","1","false","f422ba2588f4589b8a1184d242499008","0"
"69.47800000000001","2","5d74d97ce32ff7a5697419d8ac48a373","5d74d97ce32ff7a5697419d8ac48a373","0","5d74d97ce32ff7a5697419d8ac48a373","2","3","false","5d74d97ce32ff7a5697419d8ac48a373","0"
"1424.5755395683418","5","340fe081389492ed6bfb12c90f2198d7","340fe081389492ed6bfb12c90f2198d7","0","340fe081389492ed6bfb12c90f2198d7","5","4","false","340fe081389492ed6bfb12c90f2198d7","0"
"20.90634441087615","5","37a3183db60278f6c7c60896473faceb","37a3183db60278f6c7c60896473faceb","0","37a3183db60278f6c7c60896473faceb","5","2","false","37a3183db60278f6c7c60896473faceb","0"
"5.354","7","77c0c466b473e34f40b6fcad982860ca","77c0c466b473e34f40b6fcad982860ca","0","77c0c466b473e34f40b6fcad982860ca","7","1","false","77c0c466b473e34f40b6fcad982860ca","0"
"28.5071428571429","8","a90968cec3e09e38319d25a5c09120c7","a90968cec3e09e38319d25a5c09120c7","0","a90968cec3e09e38319d25a5c09120c7","8","1","false","a90968cec3e09e38319d25a5c09120c7","0"
"540.265560165975","4","388574b7fddd9af81534c9ee44f0814f","388574b7fddd9af81534c9ee44f0814f","0","388574b7fddd9af81534c9ee44f0814f","4","1","false","388574b7fddd9af81534c9ee44f0814f","0"
"241.84","3","1fa7c745a99c5fba629ad52a6953d8f4","1fa7c745a99c5fba629ad52a6953d8f4","0","1fa7c745a99c5fba629ad52a6953d8f4","3","2","false","1fa7c745a99c5fba629ad52a6953d8f4","0"
"1276.6000000000001","1","349a2d072022631b812f2d4eb90ca30b","349a2d072022631b812f2d4eb90ca30b","0","349a2d072022631b812f2d4eb90ca30b","1","4","false","349a2d072022631b812f2d4eb90ca30b","0"
"12.15","15","ef077e5b670e5e84746f94481d187d15","ef077e5b670e5e84746f94481d187d15","0","ef077e5b670e5e84746f94481d187d15","15","1","false","ef077e5b670e5e84746f94481d187d15","0"
"140.7943925233645","3","ec06906d59469c40bb93c44d35ae3724","ec06906d59469c40bb93c44d35ae3724","0","ec06906d59469c40bb93c44d35ae3724","3","3","false","ec06906d59469c40bb93c44d35ae3724","0"
"17.48","3","ceb60e44e88b3cd134c41a42960d5b8d","ceb60e44e88b3cd134c41a42960d5b8d","0","ceb60e44e88b3cd134c41a42960d5b8d","3","1","false","ceb60e44e88b3cd134c41a42960d5b8d","0"
"7.19623655913978","7","8fa343e4b214ce3fd44ac9ee437da066","8fa343e4b214ce3fd44ac9ee437da066","0","8fa343e4b214ce3fd44ac9ee437da066","7","1","false","8fa343e4b214ce3fd44ac9ee437da066","0"
"1008.0939226519339","2","f97cc72b5727ffa703938874a4f9010c","f97cc72b5727ffa703938874a4f9010c","0","f97cc72b5727ffa703938874a4f9010c","2","6","false","f97cc72b5727ffa703938874a4f9010c","0"
"201.5058823529408","4","c1712c2babb798552362d0f7a5ad1fdb","c1712c2babb798552362d0f7a5ad1fdb","0","c1712c2babb798552362d0f7a5ad1fdb","4","3","false","c1712c2babb798552362d0f7a5ad1fdb","0"
"211.71428571428572","5","03a533c87ed1b0a0fbae13482427dd15","03a533c87ed1b0a0fbae13482427dd15","2","03a533c87ed1b0a0fbae13482427dd15","3","4","false","03a533c87ed1b0a0fbae13482427dd15","0"
"737.39","5","892713e938d22419bbb1249213602e79","892713e938d22419bbb1249213602e79","0","892713e938d22419bbb1249213602e79","5","4","false","892713e938d22419bbb1249213602e79","0"
"309212.5880503142","3","6251d5aa4e73ad8b43b46bafd107f7a3","6251d5aa4e73ad8b43b46bafd107f7a3","0","6251d5aa4e73ad8b43b46bafd107f7a3","3","18","false","6251d5aa4e73ad8b43b46bafd107f7a3","0"
"143591.42784810136","2","b3ef80b1b40f88151e8fed00e2484444","b3ef80b1b40f88151e8fed00e2484444","0","b3ef80b1b40f88151e8fed00e2484444","2","14","false","b3ef80b1b40f88151e8fed00e2484444","0"
"264.2177215189868","3","468d8a33d8e900a35ad5e01cdcd9eefe","468d8a33d8e900a35ad5e01cdcd9eefe","0","468d8a33d8e900a35ad5e01cdcd9eefe","3","3","false","468d8a33d8e900a35ad5e01cdcd9eefe","0"
"40.8325991189427","6","ad61af6b4e44a5d6c3d82d762e715389","ad61af6b4e44a5d6c3d82d762e715389","0","ad61af6b4e44a5d6c3d82d762e715389","6","1","false","ad61af6b4e44a5d6c3d82d762e715389","0"
"9.12021857923497","4","2878e99ba03722468ba455e69dc8bb75","2878e99ba03722468ba455e69dc8bb75","0","2878e99ba03722468ba455e69dc8bb75","4","1","false","2878e99ba03722468ba455e69dc8bb75","0"
"546.981927710843","7","49e6de292b588a12096e3607e2f9a9c3","49e6de292b588a12096e3607e2f9a9c3","0","49e6de292b588a12096e3607e2f9a9c3","7","1","false","49e6de292b588a12096e3607e2f9a9c3","0"
"8.45316455696203","4","7e55c04282ba43c9f2a909e08cca1698","7e55c04282ba43c9f2a909e08cca1698","0","7e55c04282ba43c9f2a909e08cca1698","4","1","false","7e55c04282ba43c9f2a909e08cca1698","0"
"10.7943548387097","7","24a7abc022f435e2906dec842cb671a0","24a7abc022f435e2906dec842cb671a0","0","24a7abc022f435e2906dec842cb671a0","7","1","false","24a7abc022f435e2906dec842cb671a0","0"
"609.3549999999999","2","54c530c5ee2b8cc697e84fb816d6d364","54c530c5ee2b8cc697e84fb816d6d364","0","54c530c5ee2b8cc697e84fb816d6d364","2","3","false","54c530c5ee2b8cc697e84fb816d6d364","0"
"44.58987341772155","3","30f5217d46e472c2b59fdfe247dcc155","30f5217d46e472c2b59fdfe247dcc155","0","30f5217d46e472c2b59fdfe247dcc155","3","3","false","30f5217d46e472c2b59fdfe247dcc155","0"
"13.8210922787194","11","659332e4558ffff48e4aa39eafb631f5","659332e4558ffff48e4aa39eafb631f5","0","659332e4558ffff48e4aa39eafb631f5","11","2","false","659332e4558ffff48e4aa39eafb631f5","0"
"29.1162790697674","4","b8b601e374502f9406e6cbaf5887c2cb","b8b601e374502f9406e6cbaf5887c2cb","0","b8b601e374502f9406e6cbaf5887c2cb","4","1","false","b8b601e374502f9406e6cbaf5887c2cb","0"
"5.63793103448276","4","818113c4c27b1b3a4433c7425e5bc466","818113c4c27b1b3a4433c7425e5bc466","0","818113c4c27b1b3a4433c7425e5bc466","4","1","false","818113c4c27b1b3a4433c7425e5bc466","0"
"433.09666666666703","1","452cf839a8ea45d1d643ff55294cd661","452cf839a8ea45d1d643ff55294cd661","0","452cf839a8ea45d1d643ff55294cd661","1","3","false","452cf839a8ea45d1d643ff55294cd661","0"
"45.4103448275862","9","0665c298d8dcf7d257ae8ccf9ed14b3e","0665c298d8dcf7d257ae8ccf9ed14b3e","0","0665c298d8dcf7d257ae8ccf9ed14b3e","9","1","false","0665c298d8dcf7d257ae8ccf9ed14b3e","0"
"188.17","3","6cf23f9c173ed5f556b09087e21e219f","6cf23f9c173ed5f556b09087e21e219f","0","6cf23f9c173ed5f556b09087e21e219f","3","3","false","6cf23f9c173ed5f556b09087e21e219f","0"
"356.1492537313431","9","388ca80b24243b3e41eb417346d2b0a9","388ca80b24243b3e41eb417346d2b0a9","0","388ca80b24243b3e41eb417346d2b0a9","9","2","false","388ca80b24243b3e41eb417346d2b0a9","0"
"148.0489130434785","2","7b82b5e738d09b69a24a7b64eaee4f2f","7b82b5e738d09b69a24a7b64eaee4f2f","0","7b82b5e738d09b69a24a7b64eaee4f2f","2","4","false","7b82b5e738d09b69a24a7b64eaee4f2f","0"
"5.88354430379747","6","878d4e9cab56d2f80d6b97adaab3259d","878d4e9cab56d2f80d6b97adaab3259d","0","878d4e9cab56d2f80d6b97adaab3259d","6","1","false","878d4e9cab56d2f80d6b97adaab3259d","0"
"107.64399999999999","3","2c182de3e8dad88c263502a4be17d2f6","2c182de3e8dad88c263502a4be17d2f6","0","2c182de3e8dad88c263502a4be17d2f6","3","3","false","2c182de3e8dad88c263502a4be17d2f6","0"
"145.7200000000003","3","f89cd3ae7098db4672161c47592e8d23","f89cd3ae7098db4672161c47592e8d23","0","f89cd3ae7098db4672161c47592e8d23","3","2","false","f89cd3ae7098db4672161c47592e8d23","0"
"12.3064516129032","4","1c53d9ecec60fbbb8f747b2045fadaec","1c53d9ecec60fbbb8f747b2045fadaec","0","1c53d9ecec60fbbb8f747b2045fadaec","4","1","false","1c53d9ecec60fbbb8f747b2045fadaec","0"
"12.2307692307692","4","4b0df4c889ef0631b1b28a0ce47e5e0d","4b0df4c889ef0631b1b28a0ce47e5e0d","0","4b0df4c889ef0631b1b28a0ce47e5e0d","4","1","false","4b0df4c889ef0631b1b28a0ce47e5e0d","0"
"33257.69310344835","14","1cc26aa1f35ba2be847b6dd84b6fdfc7","1cc26aa1f35ba2be847b6dd84b6fdfc7","0","1cc26aa1f35ba2be847b6dd84b6fdfc7","14","10","false","1cc26aa1f35ba2be847b6dd84b6fdfc7","0"
"277.5966386554621","2","9d52eb3fd50f2544144da7ed7d03ab77","9d52eb3fd50f2544144da7ed7d03ab77","1","9d52eb3fd50f2544144da7ed7d03ab77","1","7","false","9d52eb3fd50f2544144da7ed7d03ab77","0"
"50216.13213213215","1","8580cbddd75d8e3d29e0f45c8959ad95","8580cbddd75d8e3d29e0f45c8959ad95","1","8580cbddd75d8e3d29e0f45c8959ad95","0","18","false","8580cbddd75d8e3d29e0f45c8959ad95","0"
"6.1474358974359","6","5ed00a7345e6d66aeb894d3f3f3cb972","5ed00a7345e6d66aeb894d3f3f3cb972","0","5ed00a7345e6d66aeb894d3f3f3cb972","6","1","false","5ed00a7345e6d66aeb894d3f3f3cb972","0"
"13.8857142857143","15","51fbe8773f78d42f7a056b5a1ca0c1d2","51fbe8773f78d42f7a056b5a1ca0c1d2","0","51fbe8773f78d42f7a056b5a1ca0c1d2","15","1","false","51fbe8773f78d42f7a056b5a1ca0c1d2","0"
"4073.7772151898744","3","0e4a78d33e0850ea8eb46f17cf2d7152","0e4a78d33e0850ea8eb46f17cf2d7152","0","0e4a78d33e0850ea8eb46f17cf2d7152","3","3","false","0e4a78d33e0850ea8eb46f17cf2d7152","0"
"39323.4891443167","4","a86dfdb0f19a8965bf393f6594197442","a86dfdb0f19a8965bf393f6594197442","0","a86dfdb0f19a8965bf393f6594197442","4","10","false","a86dfdb0f19a8965bf393f6594197442","0"
"397.01762114537416","3","b1eb3e991b12b9f49fe601418e6c67fb","b1eb3e991b12b9f49fe601418e6c67fb","0","b1eb3e991b12b9f49fe601418e6c67fb","3","4","false","b1eb3e991b12b9f49fe601418e6c67fb","0"
"180.230769230769","4","90c697e7e65a5f10bd13f0a503252ac8","90c697e7e65a5f10bd13f0a503252ac8","0","90c697e7e65a5f10bd13f0a503252ac8","4","1","false","90c697e7e65a5f10bd13f0a503252ac8","0"
"29563.33333333333","14","3617a1b2a43f44cdcbdc58fa1baf020e","3617a1b2a43f44cdcbdc58fa1baf020e","1","3617a1b2a43f44cdcbdc58fa1baf020e","13","16","false","3617a1b2a43f44cdcbdc58fa1baf020e","0"
"21.1772151898734","7","b83a330e973f732a0858ac756f84ef42","b83a330e973f732a0858ac756f84ef42","0","b83a330e973f732a0858ac756f84ef42","7","1","false","b83a330e973f732a0858ac756f84ef42","0"
"4.68548387096774","6","3a0403bef4f4bed4f3cf3b5942aed5d4","3a0403bef4f4bed4f3cf3b5942aed5d4","0","3a0403bef4f4bed4f3cf3b5942aed5d4","6","1","false","3a0403bef4f4bed4f3cf3b5942aed5d4","0"
"310.9","2","f4f6f54e3f7a9685e448c33eea53870e","f4f6f54e3f7a9685e448c33eea53870e","0","f4f6f54e3f7a9685e448c33eea53870e","2","1","false","f4f6f54e3f7a9685e448c33eea53870e","0"
"5675.763636363641","4","0f82bb9276c00f40417d065514718561","0f82bb9276c00f40417d065514718561","1","0f82bb9276c00f40417d065514718561","3","10","false","0f82bb9276c00f40417d065514718561","0"
"374.6639784946241","3","1e33b4da55f8628bed2714dc22cdfb27","1e33b4da55f8628bed2714dc22cdfb27","0","1e33b4da55f8628bed2714dc22cdfb27","3","8","false","1e33b4da55f8628bed2714dc22cdfb27","0"
"93.0663900414938","6","6971f57779dce3c539582d6b52b5eb03","6971f57779dce3c539582d6b52b5eb03","0","6971f57779dce3c539582d6b52b5eb03","6","2","false","6971f57779dce3c539582d6b52b5eb03","0"
"8.96538461538461","3","028593a9ad87a957f8d1a6b0ba550c71","028593a9ad87a957f8d1a6b0ba550c71","0","028593a9ad87a957f8d1a6b0ba550c71","3","1","false","028593a9ad87a957f8d1a6b0ba550c71","0"
"1902.5388888888913","2","d35c7775f1dd2898094882e48e30623a","d35c7775f1dd2898094882e48e30623a","0","d35c7775f1dd2898094882e48e30623a","2","6","false","d35c7775f1dd2898094882e48e30623a","0"
"1893.637362637359","2","8e2090ce298a71765db6b628e0dd7f71","8e2090ce298a71765db6b628e0dd7f71","0","8e2090ce298a71765db6b628e0dd7f71","2","3","false","8e2090ce298a71765db6b628e0dd7f71","0"
"44.8862745098039","4","d2982d16669dfb7a3814ffe245136dc3","d2982d16669dfb7a3814ffe245136dc3","0","d2982d16669dfb7a3814ffe245136dc3","4","1","false","d2982d16669dfb7a3814ffe245136dc3","0"
"3.51204819277108","3","d812cca0fb0e15a61a7844f9911d5426","d812cca0fb0e15a61a7844f9911d5426","0","d812cca0fb0e15a61a7844f9911d5426","3","1","false","d812cca0fb0e15a61a7844f9911d5426","0"
"3.70851063829787","6","1d77931e6158aa6913c3b2bc329312ca","1d77931e6158aa6913c3b2bc329312ca","0","1d77931e6158aa6913c3b2bc329312ca","6","1","false","1d77931e6158aa6913c3b2bc329312ca","0"
"96.975","6","2e74aaaa007d769091bfd19c0ca1ed8c","2e74aaaa007d769091bfd19c0ca1ed8c","0","2e74aaaa007d769091bfd19c0ca1ed8c","6","2","false","2e74aaaa007d769091bfd19c0ca1ed8c","0"
"91.3413978494624","5","6a49b952473bfc3854eea1124c7b94bb","6a49b952473bfc3854eea1124c7b94bb","0","6a49b952473bfc3854eea1124c7b94bb","5","3","false","6a49b952473bfc3854eea1124c7b94bb","0"
"2.69758064516129","7","2c336693c23fd6d79bfce4ffcea05806","2c336693c23fd6d79bfce4ffcea05806","0","2c336693c23fd6d79bfce4ffcea05806","7","1","false","2c336693c23fd6d79bfce4ffcea05806","0"
"3659.52","2","c41c592b217276d39c834de860459941","c41c592b217276d39c834de860459941","0","c41c592b217276d39c834de860459941","2","4","false","c41c592b217276d39c834de860459941","0"
"8.92333333333333","7","aa5843fdfc6cff8ec42d841942e269ca","aa5843fdfc6cff8ec42d841942e269ca","0","aa5843fdfc6cff8ec42d841942e269ca","7","1","false","aa5843fdfc6cff8ec42d841942e269ca","0"
"43.1111111111111","4","65de9882f6f97cb7db8a9537c178fd43","65de9882f6f97cb7db8a9537c178fd43","0","65de9882f6f97cb7db8a9537c178fd43","4","1","false","65de9882f6f97cb7db8a9537c178fd43","0"
"35.9113300492611","15","a5ad3dc78a966b30ef60813dffc315a7","a5ad3dc78a966b30ef60813dffc315a7","0","a5ad3dc78a966b30ef60813dffc315a7","15","1","false","a5ad3dc78a966b30ef60813dffc315a7","0"
"6.54","4","8e05ec7d198b3b05569a9fc5b27eb336","8e05ec7d198b3b05569a9fc5b27eb336","0","8e05ec7d198b3b05569a9fc5b27eb336","4","1","false","8e05ec7d198b3b05569a9fc5b27eb336","0"
"4.99428571428571","3","a1d5e2bb1bf0412b383d6c9cd8a56b07","a1d5e2bb1bf0412b383d6c9cd8a56b07","0","a1d5e2bb1bf0412b383d6c9cd8a56b07","3","1","false","a1d5e2bb1bf0412b383d6c9cd8a56b07","0"
"816.8373983739838","3","6c9ada693eaaf0401108e4e599d95c0a","6c9ada693eaaf0401108e4e599d95c0a","0","6c9ada693eaaf0401108e4e599d95c0a","3","6","false","6c9ada693eaaf0401108e4e599d95c0a","0"
"38.2392026578073","6","a5fd6da49ac827e25b250c6424d59e02","a5fd6da49ac827e25b250c6424d59e02","0","a5fd6da49ac827e25b250c6424d59e02","6","1","false","a5fd6da49ac827e25b250c6424d59e02","0"
"197.54","9","c73c6506f94582b1de12ec56976d051f","c73c6506f94582b1de12ec56976d051f","0","c73c6506f94582b1de12ec56976d051f","9","1","false","c73c6506f94582b1de12ec56976d051f","0"
"24.46195652173915","13","b36c760cf2d03f3364b24d8cffd1178a","b36c760cf2d03f3364b24d8cffd1178a","0","b36c760cf2d03f3364b24d8cffd1178a","13","2","false","b36c760cf2d03f3364b24d8cffd1178a","0"
"11.9677419354839","4","047735756066cc08e1422d33659f78e3","047735756066cc08e1422d33659f78e3","0","047735756066cc08e1422d33659f78e3","4","1","false","047735756066cc08e1422d33659f78e3","0"
"315.9368770764116","2","4130cc406faddc5057b622815053f468","4130cc406faddc5057b622815053f468","0","4130cc406faddc5057b622815053f468","2","4","false","4130cc406faddc5057b622815053f468","0"
"9.42290748898678","4","f91c23c81660c617532f3d927525c05d","f91c23c81660c617532f3d927525c05d","0","f91c23c81660c617532f3d927525c05d","4","1","false","f91c23c81660c617532f3d927525c05d","0"
"6.31638418079096","9","e81031323610237ddf48e49e7fae9696","e81031323610237ddf48e49e7fae9696","0","e81031323610237ddf48e49e7fae9696","9","2","false","e81031323610237ddf48e49e7fae9696","0"
"565.9028571428569","1","070cc7cefe482682f056e340a569c569","070cc7cefe482682f056e340a569c569","0","070cc7cefe482682f056e340a569c569","1","5","false","070cc7cefe482682f056e340a569c569","0"
"9.99532710280374","4","b25b4acaaf039b55ba18d43c1acf9017","b25b4acaaf039b55ba18d43c1acf9017","0","b25b4acaaf039b55ba18d43c1acf9017","4","1","false","b25b4acaaf039b55ba18d43c1acf9017","0"
"166.93","4","34f6cb0e167e4b92431e279e119edc2c","34f6cb0e167e4b92431e279e119edc2c","0","34f6cb0e167e4b92431e279e119edc2c","4","1","false","34f6cb0e167e4b92431e279e119edc2c","0"
"711.5827586206904","3","a3c4dbda61c3e5c5a22b2b3413d72be1","a3c4dbda61c3e5c5a22b2b3413d72be1","0","a3c4dbda61c3e5c5a22b2b3413d72be1","3","7","false","a3c4dbda61c3e5c5a22b2b3413d72be1","0"
"2241.5241379310346","5","31777e820d6eb5f6bb3cebde8c6bbfa6","31777e820d6eb5f6bb3cebde8c6bbfa6","0","31777e820d6eb5f6bb3cebde8c6bbfa6","5","8","false","31777e820d6eb5f6bb3cebde8c6bbfa6","0"
"18.225","15","c65a48a49672f24aeba7bb28de1f2a25","c65a48a49672f24aeba7bb28de1f2a25","0","c65a48a49672f24aeba7bb28de1f2a25","15","1","false","c65a48a49672f24aeba7bb28de1f2a25","0"
"4.75579809004093","6","f7b199762f3cb44d56d95382615ff6d9","f7b199762f3cb44d56d95382615ff6d9","0","f7b199762f3cb44d56d95382615ff6d9","6","1","false","f7b199762f3cb44d56d95382615ff6d9","0"
"24343.35333333337","9","59d9a00b301738734d7c989bf117ba3a","59d9a00b301738734d7c989bf117ba3a","0","59d9a00b301738734d7c989bf117ba3a","9","11","false","59d9a00b301738734d7c989bf117ba3a","0"
"323.604700854701","9","3b8347040e4b681a036839a75e1c0d24","3b8347040e4b681a036839a75e1c0d24","0","3b8347040e4b681a036839a75e1c0d24","9","1","false","3b8347040e4b681a036839a75e1c0d24","0"
"21.5828571428571","6","b466b84200cee0c8f1d9703daea7ac00","b466b84200cee0c8f1d9703daea7ac00","0","b466b84200cee0c8f1d9703daea7ac00","6","1","false","b466b84200cee0c8f1d9703daea7ac00","0"
"36.450184501845","6","c927532a18408b642a329d1db3ad378a","c927532a18408b642a329d1db3ad378a","0","c927532a18408b642a329d1db3ad378a","6","1","false","c927532a18408b642a329d1db3ad378a","0"
"3355.2078431372634","9","f77ee6cc166f7a39578a47f943c0338d","f77ee6cc166f7a39578a47f943c0338d","0","f77ee6cc166f7a39578a47f943c0338d","9","10","false","f77ee6cc166f7a39578a47f943c0338d","0"
"571879.741176471","8","c960add18786a09fadf156ee1d01ad93","c960add18786a09fadf156ee1d01ad93","0","c960add18786a09fadf156ee1d01ad93","8","15","false","c960add18786a09fadf156ee1d01ad93","0"
"261.832","5","8931ea5236aac5c689ff21bf4922e2d9","8931ea5236aac5c689ff21bf4922e2d9","0","8931ea5236aac5c689ff21bf4922e2d9","5","2","false","8931ea5236aac5c689ff21bf4922e2d9","0"
"26.5657142857143","6","8d94d243e43ac801e10aa1609a4459ac","8d94d243e43ac801e10aa1609a4459ac","0","8d94d243e43ac801e10aa1609a4459ac","6","1","false","8d94d243e43ac801e10aa1609a4459ac","0"
"302.4705882352939","3","98391df043db6d31cf0decbb9a73406f","98391df043db6d31cf0decbb9a73406f","0","98391df043db6d31cf0decbb9a73406f","3","4","false","98391df043db6d31cf0decbb9a73406f","0"
"496.46","3","5a8b5ff39dbd81e1caeb7d6579481228","5a8b5ff39dbd81e1caeb7d6579481228","0","5a8b5ff39dbd81e1caeb7d6579481228","3","3","false","5a8b5ff39dbd81e1caeb7d6579481228","0"
"41.1072727272728","17","9480c1003caab2a6f8c8f808805b4664","9480c1003caab2a6f8c8f808805b4664","0","9480c1003caab2a6f8c8f808805b4664","17","2","false","9480c1003caab2a6f8c8f808805b4664","0"
"26.4828571428571","6","3725f0a3a225b2125f8d9f4a5dc56e5c","3725f0a3a225b2125f8d9f4a5dc56e5c","0","3725f0a3a225b2125f8d9f4a5dc56e5c","6","1","false","3725f0a3a225b2125f8d9f4a5dc56e5c","0"
"8.84893617021277","6","4854bd8a5c472afbbbd1fbd4aebbc85f","4854bd8a5c472afbbbd1fbd4aebbc85f","0","4854bd8a5c472afbbbd1fbd4aebbc85f","6","2","false","4854bd8a5c472afbbbd1fbd4aebbc85f","0"
"120.816513761468","9","b11691fbbe6757a4bdb4192ce48c535d","b11691fbbe6757a4bdb4192ce48c535d","0","b11691fbbe6757a4bdb4192ce48c535d","9","1","false","b11691fbbe6757a4bdb4192ce48c535d","0"
"48.6","15","5833f59789ccd5f960f8622d2901a834","5833f59789ccd5f960f8622d2901a834","0","5833f59789ccd5f960f8622d2901a834","15","1","false","5833f59789ccd5f960f8622d2901a834","0"
"9.07065217391304","4","d682e4b61b3d006f5187fc90bc65bda1","d682e4b61b3d006f5187fc90bc65bda1","0","d682e4b61b3d006f5187fc90bc65bda1","4","1","false","d682e4b61b3d006f5187fc90bc65bda1","0"
"397.53000000000003","6","892e496dcd8762ce84c3e337a2507a8e","892e496dcd8762ce84c3e337a2507a8e","0","892e496dcd8762ce84c3e337a2507a8e","6","4","false","892e496dcd8762ce84c3e337a2507a8e","0"
"1183.5192307692312","4","e813ef5fdd9153f385d2f3fab24390f1","e813ef5fdd9153f385d2f3fab24390f1","0","e813ef5fdd9153f385d2f3fab24390f1","4","7","false","e813ef5fdd9153f385d2f3fab24390f1","0"
"31.65384615384609","3","31d5a7934c425843253219959257f516","31d5a7934c425843253219959257f516","0","31d5a7934c425843253219959257f516","3","3","false","31d5a7934c425843253219959257f516","0"
"4533.510769230772","7","cb7e6e8c1e4dec36f615617d9391dd3c","cb7e6e8c1e4dec36f615617d9391dd3c","0","cb7e6e8c1e4dec36f615617d9391dd3c","7","4","false","cb7e6e8c1e4dec36f615617d9391dd3c","0"
"36.45","15","7cece2db5d91d036d57c600c397f1ce5","7cece2db5d91d036d57c600c397f1ce5","0","7cece2db5d91d036d57c600c397f1ce5","15","1","false","7cece2db5d91d036d57c600c397f1ce5","0"
"9.23103448275862","7","efabbfad993d50a655ba8366acc98ca8","efabbfad993d50a655ba8366acc98ca8","0","efabbfad993d50a655ba8366acc98ca8","7","1","false","efabbfad993d50a655ba8366acc98ca8","0"
"5.63793103448276","4","724a4b4838e91e18c637c37d91fff5a6","724a4b4838e91e18c637c37d91fff5a6","0","724a4b4838e91e18c637c37d91fff5a6","4","1","false","724a4b4838e91e18c637c37d91fff5a6","0"
"98.75757575757581","7","073d830187c7f1824a47e9d601dd46b3","073d830187c7f1824a47e9d601dd46b3","0","073d830187c7f1824a47e9d601dd46b3","7","2","false","073d830187c7f1824a47e9d601dd46b3","0"
"20.3742857142857","35","9425111883e864b68de22cd3382fe331","9425111883e864b68de22cd3382fe331","0","9425111883e864b68de22cd3382fe331","35","2","false","9425111883e864b68de22cd3382fe331","0"
"376.926666666667","8","e2fdfeef02f86f9184d8395751fe9fe2","e2fdfeef02f86f9184d8395751fe9fe2","0","e2fdfeef02f86f9184d8395751fe9fe2","8","1","false","e2fdfeef02f86f9184d8395751fe9fe2","0"
"41.9833887043189","3","00579bd7411b49075df018e7a6367c01","00579bd7411b49075df018e7a6367c01","0","00579bd7411b49075df018e7a6367c01","3","1","false","00579bd7411b49075df018e7a6367c01","0"
"120.8584615384615","5","b3fa3495b48bd1ade22161a7e93c51d0","b3fa3495b48bd1ade22161a7e93c51d0","0","b3fa3495b48bd1ade22161a7e93c51d0","5","2","false","b3fa3495b48bd1ade22161a7e93c51d0","0"
"219.507692307692","1","858cb4ac7906c23ff46fbdfb0a3da294","858cb4ac7906c23ff46fbdfb0a3da294","0","858cb4ac7906c23ff46fbdfb0a3da294","1","3","false","858cb4ac7906c23ff46fbdfb0a3da294","0"
"227.4672897196258","10","5e63aabb56afe166564749aa282a0c67","5e63aabb56afe166564749aa282a0c67","0","5e63aabb56afe166564749aa282a0c67","10","2","false","5e63aabb56afe166564749aa282a0c67","0"
"155.497797356828","4","5d0c1936c2af135b754fe7fd41889333","5d0c1936c2af135b754fe7fd41889333","0","5d0c1936c2af135b754fe7fd41889333","4","1","false","5d0c1936c2af135b754fe7fd41889333","0"
"7225.343612334804","3","fb3bc9a588c226e2e950e16ba348b0cc","fb3bc9a588c226e2e950e16ba348b0cc","0","fb3bc9a588c226e2e950e16ba348b0cc","3","8","false","fb3bc9a588c226e2e950e16ba348b0cc","0"
"2358.42","4","37c1450663a2a500de0b169ae2205c19","37c1450663a2a500de0b169ae2205c19","0","37c1450663a2a500de0b169ae2205c19","4","7","false","37c1450663a2a500de0b169ae2205c19","0"
"16.6708860759494","9","259978c957362c36d891fd73af4a1a98","259978c957362c36d891fd73af4a1a98","0","259978c957362c36d891fd73af4a1a98","9","1","false","259978c957362c36d891fd73af4a1a98","0"
"79.62","2","b0db200f676c4a0ddf7f1999eb3103c7","b0db200f676c4a0ddf7f1999eb3103c7","0","b0db200f676c4a0ddf7f1999eb3103c7","2","3","false","b0db200f676c4a0ddf7f1999eb3103c7","0"
"227.4672897196258","10","1febf717cf0f9f51ba0089373a4de9df","1febf717cf0f9f51ba0089373a4de9df","0","1febf717cf0f9f51ba0089373a4de9df","10","2","false","1febf717cf0f9f51ba0089373a4de9df","0"
"1330.3956043956","7","b018a949cf44b7eee820e29d738aeac0","b018a949cf44b7eee820e29d738aeac0","0","b018a949cf44b7eee820e29d738aeac0","7","1","false","b018a949cf44b7eee820e29d738aeac0","0"
"38.55443548387093","27","75536f8b4688b316b521d6fc071881ee","75536f8b4688b316b521d6fc071881ee","0","75536f8b4688b316b521d6fc071881ee","27","2","false","75536f8b4688b316b521d6fc071881ee","0"
"60.3467741935484","8","b1d0bd80ad90314a7d2aacf025d4496b","b1d0bd80ad90314a7d2aacf025d4496b","0","b1d0bd80ad90314a7d2aacf025d4496b","8","1","false","b1d0bd80ad90314a7d2aacf025d4496b","0"
"182.16078431372588","6","2cb30635c02dd2be2a9b97ea1908d044","2cb30635c02dd2be2a9b97ea1908d044","0","2cb30635c02dd2be2a9b97ea1908d044","6","2","false","2cb30635c02dd2be2a9b97ea1908d044","0"
"56.44","9","83d4d14da765860fe681349fc6d8b39d","83d4d14da765860fe681349fc6d8b39d","0","83d4d14da765860fe681349fc6d8b39d","9","1","false","83d4d14da765860fe681349fc6d8b39d","0"
"122791.49000000002","7","bf645dd9cbf4173070c495585b4904c7","bf645dd9cbf4173070c495585b4904c7","1","bf645dd9cbf4173070c495585b4904c7","6","15","false","bf645dd9cbf4173070c495585b4904c7","0"
"14970.344017094014","12","93c03f31a2e6d9860c616e973d0d25ad","93c03f31a2e6d9860c616e973d0d25ad","0","93c03f31a2e6d9860c616e973d0d25ad","12","15","false","93c03f31a2e6d9860c616e973d0d25ad","0"
"13954.448101265825","8","713e7a8fe2360026c4e93d6cbebee664","713e7a8fe2360026c4e93d6cbebee664","1","713e7a8fe2360026c4e93d6cbebee664","7","15","false","713e7a8fe2360026c4e93d6cbebee664","0"
"14.5696202531646","6","d1796a0440e64bbd46f16da0393dd84a","d1796a0440e64bbd46f16da0393dd84a","0","d1796a0440e64bbd46f16da0393dd84a","6","1","false","d1796a0440e64bbd46f16da0393dd84a","0"
"133.79439252336448","5","13c7e4aba665d521f8bb6b576ad33379","13c7e4aba665d521f8bb6b576ad33379","0","13c7e4aba665d521f8bb6b576ad33379","5","3","false","13c7e4aba665d521f8bb6b576ad33379","0"
"65.02000000000001","4","363e4bca1f9d15b626c22c6cf649f6f8","363e4bca1f9d15b626c22c6cf649f6f8","0","363e4bca1f9d15b626c22c6cf649f6f8","4","3","false","363e4bca1f9d15b626c22c6cf649f6f8","0"
"52.010928961748704","8","92fbc09c5c95bd54e342d241a4ecbec8","92fbc09c5c95bd54e342d241a4ecbec8","0","92fbc09c5c95bd54e342d241a4ecbec8","8","2","false","92fbc09c5c95bd54e342d241a4ecbec8","0"
"7.47692307692308","15","9791f6009346424a47cc742abd4b52a8","9791f6009346424a47cc742abd4b52a8","0","9791f6009346424a47cc742abd4b52a8","15","1","false","9791f6009346424a47cc742abd4b52a8","0"
"508.95652173913","9","6eb53e85c2eab044474bbbabee76c9a4","6eb53e85c2eab044474bbbabee76c9a4","0","6eb53e85c2eab044474bbbabee76c9a4","9","1","false","6eb53e85c2eab044474bbbabee76c9a4","0"
"689.0025316455703","3","d365ee3ab244a7cde3fbd13e2b3c2f3e","d365ee3ab244a7cde3fbd13e2b3c2f3e","0","d365ee3ab244a7cde3fbd13e2b3c2f3e","3","7","false","d365ee3ab244a7cde3fbd13e2b3c2f3e","0"
"123.3289036544851","1","f6eb96ef5d3b1f41bf8b3416f37f905b","f6eb96ef5d3b1f41bf8b3416f37f905b","0","f6eb96ef5d3b1f41bf8b3416f37f905b","1","5","false","f6eb96ef5d3b1f41bf8b3416f37f905b","0"
"24.3","15","569e30b38e408aba52468d85aae5256f","569e30b38e408aba52468d85aae5256f","0","569e30b38e408aba52468d85aae5256f","15","1","false","569e30b38e408aba52468d85aae5256f","0"
"110128.46930693071","3","3d9e04e655b7a791dfe11cf757f335a8","3d9e04e655b7a791dfe11cf757f335a8","0","3d9e04e655b7a791dfe11cf757f335a8","3","12","false","3d9e04e655b7a791dfe11cf757f335a8","0"
"1519.58","2","22ba713a71baf2f0ef5f66a107221ded","22ba713a71baf2f0ef5f66a107221ded","0","22ba713a71baf2f0ef5f66a107221ded","2","7","false","22ba713a71baf2f0ef5f66a107221ded","0"
"3.21634615384615","7","c9f096097a2f167a7ce88a867cdf0db8","c9f096097a2f167a7ce88a867cdf0db8","0","c9f096097a2f167a7ce88a867cdf0db8","7","1","false","c9f096097a2f167a7ce88a867cdf0db8","0"
"24.94100294985255","40","d3a040a740f43d968002053ea08295b5","d3a040a740f43d968002053ea08295b5","0","d3a040a740f43d968002053ea08295b5","40","2","false","d3a040a740f43d968002053ea08295b5","0"
"34.7142857142857","15","c12fa81657396a461736fbb5dba37420","c12fa81657396a461736fbb5dba37420","0","c12fa81657396a461736fbb5dba37420","15","1","false","c12fa81657396a461736fbb5dba37420","0"
"28.2087378640777","6","189f8a3d4b15211b2dd9d996e24d84eb","189f8a3d4b15211b2dd9d996e24d84eb","0","189f8a3d4b15211b2dd9d996e24d84eb","6","1","false","189f8a3d4b15211b2dd9d996e24d84eb","0"
"29.8936170212766","6","777f27e0d34e2d8776f1ccbddc5b7c43","777f27e0d34e2d8776f1ccbddc5b7c43","0","777f27e0d34e2d8776f1ccbddc5b7c43","6","1","false","777f27e0d34e2d8776f1ccbddc5b7c43","0"
"109.6666666666667","9","85f54a82961277a78eabf89c05462f6b","85f54a82961277a78eabf89c05462f6b","0","85f54a82961277a78eabf89c05462f6b","9","2","false","85f54a82961277a78eabf89c05462f6b","0"
"13.8857142857143","15","e6500ce148c8891b1bc4bc46a0e96859","e6500ce148c8891b1bc4bc46a0e96859","0","e6500ce148c8891b1bc4bc46a0e96859","15","1","false","e6500ce148c8891b1bc4bc46a0e96859","0"
"254.81","5","6035127698b206abd05b11412e23ad38","6035127698b206abd05b11412e23ad38","0","6035127698b206abd05b11412e23ad38","5","3","false","6035127698b206abd05b11412e23ad38","0"
"7.64857142857143","7","cea5ab663826e9d9503123eaa0d9bdde","cea5ab663826e9d9503123eaa0d9bdde","0","cea5ab663826e9d9503123eaa0d9bdde","7","1","false","cea5ab663826e9d9503123eaa0d9bdde","0"
"115.61333333333329","8","1f75fe4ce821ac953fb66e3379980b55","1f75fe4ce821ac953fb66e3379980b55","0","1f75fe4ce821ac953fb66e3379980b55","8","3","false","1f75fe4ce821ac953fb66e3379980b55","0"
"16.2","15","143f8c37f239bdf962ce61c7d794d2ed","143f8c37f239bdf962ce61c7d794d2ed","0","143f8c37f239bdf962ce61c7d794d2ed","15","1","false","143f8c37f239bdf962ce61c7d794d2ed","0"
"54.6431535269709","9","1bc2f924bf895800a78d83ef202825d8","1bc2f924bf895800a78d83ef202825d8","0","1bc2f924bf895800a78d83ef202825d8","9","1","false","1bc2f924bf895800a78d83ef202825d8","0"
"24.5690298507463","9","58ab0756bd3222b627f7136fa135a1b4","58ab0756bd3222b627f7136fa135a1b4","0","58ab0756bd3222b627f7136fa135a1b4","9","1","false","58ab0756bd3222b627f7136fa135a1b4","0"
"94.61999999999999","20","e35a81f222f0a5f6caed6cc81871d123","e35a81f222f0a5f6caed6cc81871d123","0","e35a81f222f0a5f6caed6cc81871d123","20","2","false","e35a81f222f0a5f6caed6cc81871d123","0"
"15.1244813278008","15","35ddf264df37db67d66b75402d5a34e0","35ddf264df37db67d66b75402d5a34e0","0","35ddf264df37db67d66b75402d5a34e0","15","1","false","35ddf264df37db67d66b75402d5a34e0","0"
"154.933554817276","2","d63bb40c5e1a6bdae24acb81cb1a3844","d63bb40c5e1a6bdae24acb81cb1a3844","0","d63bb40c5e1a6bdae24acb81cb1a3844","2","1","false","d63bb40c5e1a6bdae24acb81cb1a3844","0"
"1084.0036363636375","2","14914633f511e5ab3d95eae8dcefeae6","14914633f511e5ab3d95eae8dcefeae6","0","14914633f511e5ab3d95eae8dcefeae6","2","6","false","14914633f511e5ab3d95eae8dcefeae6","0"
"694.9247311827962","1","c863e4ceaf85e42c44ca277f7b990798","c863e4ceaf85e42c44ca277f7b990798","0","c863e4ceaf85e42c44ca277f7b990798","1","7","false","c863e4ceaf85e42c44ca277f7b990798","0"
"6.075","15","1d75d8d522bd70f988f422f0a6cd7e21","1d75d8d522bd70f988f422f0a6cd7e21","0","1d75d8d522bd70f988f422f0a6cd7e21","15","1","false","1d75d8d522bd70f988f422f0a6cd7e21","0"
"3.80615384615385","1","4acf1fbcf34da18a992142703f3f9a5a","4acf1fbcf34da18a992142703f3f9a5a","0","4acf1fbcf34da18a992142703f3f9a5a","1","1","false","4acf1fbcf34da18a992142703f3f9a5a","0"
"19.26086956521735","7","8e9d9e676c8e562d03b4cf5f1479f1b2","8e9d9e676c8e562d03b4cf5f1479f1b2","0","8e9d9e676c8e562d03b4cf5f1479f1b2","7","2","false","8e9d9e676c8e562d03b4cf5f1479f1b2","0"
"14.0394456289979","9","f908d6b2d3dab6ecf46df2bc105b9eab","f908d6b2d3dab6ecf46df2bc105b9eab","0","f908d6b2d3dab6ecf46df2bc105b9eab","9","1","false","f908d6b2d3dab6ecf46df2bc105b9eab","0"
"331.7130801687762","15","3b63a3ae03b79e90e95673931af3d983","3b63a3ae03b79e90e95673931af3d983","0","3b63a3ae03b79e90e95673931af3d983","15","2","false","3b63a3ae03b79e90e95673931af3d983","0"
"299.066666666667","5","287f490652bb268ac6e840412bea2931","287f490652bb268ac6e840412bea2931","0","287f490652bb268ac6e840412bea2931","5","3","false","287f490652bb268ac6e840412bea2931","0"
"168.41846153846151","11","5c9c308cde686a88221eb883cdf6db2d","5c9c308cde686a88221eb883cdf6db2d","0","5c9c308cde686a88221eb883cdf6db2d","11","3","false","5c9c308cde686a88221eb883cdf6db2d","0"
"63.345","5","d4b45bd5065b0b0ebbb7ec4577ab9800","d4b45bd5065b0b0ebbb7ec4577ab9800","0","d4b45bd5065b0b0ebbb7ec4577ab9800","5","3","false","d4b45bd5065b0b0ebbb7ec4577ab9800","0"
"17727.33699633701","5","fc66cc3fb393eb894bfb4581dfe3663f","fc66cc3fb393eb894bfb4581dfe3663f","0","fc66cc3fb393eb894bfb4581dfe3663f","5","10","false","fc66cc3fb393eb894bfb4581dfe3663f","0"
"1268.8762376237628","4","255d2b21cbbd59f050ea886183381886","255d2b21cbbd59f050ea886183381886","0","255d2b21cbbd59f050ea886183381886","4","10","false","255d2b21cbbd59f050ea886183381886","0"
"144.736263736264","6","c0fc770c5761c180f6a26f5fc263ee1b","c0fc770c5761c180f6a26f5fc263ee1b","0","c0fc770c5761c180f6a26f5fc263ee1b","6","1","false","c0fc770c5761c180f6a26f5fc263ee1b","0"
"44.0208333333333","25","28dbc5b9f41a5772d2dfa9feaf492a5c","28dbc5b9f41a5772d2dfa9feaf492a5c","0","28dbc5b9f41a5772d2dfa9feaf492a5c","25","2","false","28dbc5b9f41a5772d2dfa9feaf492a5c","0"
"24292.135514018686","5","0d990216bcc63cb7539c8bebe69cb865","0d990216bcc63cb7539c8bebe69cb865","0","0d990216bcc63cb7539c8bebe69cb865","5","12","false","0d990216bcc63cb7539c8bebe69cb865","0"
"113068.625","14","c31062a81ff5a138684d99a2266a3ece","c31062a81ff5a138684d99a2266a3ece","0","c31062a81ff5a138684d99a2266a3ece","14","17","false","c31062a81ff5a138684d99a2266a3ece","0"
"34.802158273381295","20","e5eb68a6e8ac7ac2f3f1f7d030242b63","e5eb68a6e8ac7ac2f3f1f7d030242b63","0","e5eb68a6e8ac7ac2f3f1f7d030242b63","20","2","false","e5eb68a6e8ac7ac2f3f1f7d030242b63","0"
"109.138121546961","9","6a159a19a4245810e6d4c6cfd6c5e633","6a159a19a4245810e6d4c6cfd6c5e633","0","6a159a19a4245810e6d4c6cfd6c5e633","9","1","false","6a159a19a4245810e6d4c6cfd6c5e633","0"
"16.69","4","73166f226f3c22c638f4ef8e33fbcca6","73166f226f3c22c638f4ef8e33fbcca6","0","73166f226f3c22c638f4ef8e33fbcca6","4","1","false","73166f226f3c22c638f4ef8e33fbcca6","0"
"48.4789915966387","13","346532cdfb6650886a1d9e9f20a98b5b","346532cdfb6650886a1d9e9f20a98b5b","0","346532cdfb6650886a1d9e9f20a98b5b","13","2","false","346532cdfb6650886a1d9e9f20a98b5b","0"
"240.8799999999997","39","90fcd82073517f549003f20b7f26ed46","90fcd82073517f549003f20b7f26ed46","0","90fcd82073517f549003f20b7f26ed46","39","2","false","90fcd82073517f549003f20b7f26ed46","0"
"34.7291666666667","25","0bebec29f8f82e2007caa25899aa2880","0bebec29f8f82e2007caa25899aa2880","0","0bebec29f8f82e2007caa25899aa2880","25","2","false","0bebec29f8f82e2007caa25899aa2880","0"
"297.4457142857144","5","243c1b130a6c6d340907c792e4220612","243c1b130a6c6d340907c792e4220612","0","243c1b130a6c6d340907c792e4220612","5","3","false","243c1b130a6c6d340907c792e4220612","0"
"15970.131147540984","8","573827786aa1312d03575ab720f37d90","573827786aa1312d03575ab720f37d90","0","573827786aa1312d03575ab720f37d90","8","9","false","573827786aa1312d03575ab720f37d90","0"
"2.59615384615385","15","4de584236f50b18d793ec5f247b1364a","4de584236f50b18d793ec5f247b1364a","0","4de584236f50b18d793ec5f247b1364a","15","1","false","4de584236f50b18d793ec5f247b1364a","0"
"23.245","6","b98f8e33d30b43e61a92f04fb12781fc","b98f8e33d30b43e61a92f04fb12781fc","0","b98f8e33d30b43e61a92f04fb12781fc","6","1","false","b98f8e33d30b43e61a92f04fb12781fc","0"
"22.4957983193277","7","71b23b7ddfb74ff5ff74798da827fc35","71b23b7ddfb74ff5ff74798da827fc35","0","71b23b7ddfb74ff5ff74798da827fc35","7","1","false","71b23b7ddfb74ff5ff74798da827fc35","0"
"4.58490566037736","15","973b2cca8846e21ed75017490b340532","973b2cca8846e21ed75017490b340532","0","973b2cca8846e21ed75017490b340532","15","1","false","973b2cca8846e21ed75017490b340532","0"
"24.3","15","e7abf0d89a1c166dd9438c8742a07378","e7abf0d89a1c166dd9438c8742a07378","0","e7abf0d89a1c166dd9438c8742a07378","15","1","false","e7abf0d89a1c166dd9438c8742a07378","0"
"12.6304347826087","6","9b4685dd3fb5ffeb6f39f4d86dc4e758","9b4685dd3fb5ffeb6f39f4d86dc4e758","0","9b4685dd3fb5ffeb6f39f4d86dc4e758","6","1","false","9b4685dd3fb5ffeb6f39f4d86dc4e758","0"
"8.334999999999999","25","449cf4779d8bc8d991fdf5024b058a0e","449cf4779d8bc8d991fdf5024b058a0e","0","449cf4779d8bc8d991fdf5024b058a0e","25","2","false","449cf4779d8bc8d991fdf5024b058a0e","0"
"12.029702970297","15","c8a5af7abe05b8b0c4c4ac797cd7e9dd","c8a5af7abe05b8b0c4c4ac797cd7e9dd","0","c8a5af7abe05b8b0c4c4ac797cd7e9dd","15","1","false","c8a5af7abe05b8b0c4c4ac797cd7e9dd","0"
"5.89833080424886","10","fd0fe7733afa9e201b981fe335f487a6","fd0fe7733afa9e201b981fe335f487a6","0","fd0fe7733afa9e201b981fe335f487a6","10","2","false","fd0fe7733afa9e201b981fe335f487a6","0"
"9.02742616033755","4","45e9ed432fd077d7c5bb3a7e2b1a8fba","45e9ed432fd077d7c5bb3a7e2b1a8fba","0","45e9ed432fd077d7c5bb3a7e2b1a8fba","4","1","false","45e9ed432fd077d7c5bb3a7e2b1a8fba","0"
"277.8504273504273","4","0dc60bb0b0341bf91a1d34f8adfecd4c","0dc60bb0b0341bf91a1d34f8adfecd4c","3","0dc60bb0b0341bf91a1d34f8adfecd4c","1","7","false","0dc60bb0b0341bf91a1d34f8adfecd4c","0"
"26683.9306122449","7","05936d8187a41ccd30c4f12e3feb6a90","05936d8187a41ccd30c4f12e3feb6a90","0","05936d8187a41ccd30c4f12e3feb6a90","7","1","false","05936d8187a41ccd30c4f12e3feb6a90","0"
"11.9704433497537","15","7c4a68c310bf6a7302cd34935b493a21","7c4a68c310bf6a7302cd34935b493a21","0","7c4a68c310bf6a7302cd34935b493a21","15","1","false","7c4a68c310bf6a7302cd34935b493a21","0"
"116.2823920265781","5","d76796e6cd0e8313606c81e71a31c3d1","d76796e6cd0e8313606c81e71a31c3d1","0","d76796e6cd0e8313606c81e71a31c3d1","5","3","false","d76796e6cd0e8313606c81e71a31c3d1","0"
"213.0066666666663","8","bf564314544dfcfa13a351b97505a62b","bf564314544dfcfa13a351b97505a62b","0","bf564314544dfcfa13a351b97505a62b","8","2","false","bf564314544dfcfa13a351b97505a62b","0"
"42.12","3","7a2547884df39c5b81ba39997eecacdf","7a2547884df39c5b81ba39997eecacdf","0","7a2547884df39c5b81ba39997eecacdf","3","1","false","7a2547884df39c5b81ba39997eecacdf","0"
"27.996996996997","3","3b182a9b3152ff5b46aaa850870a228a","3b182a9b3152ff5b46aaa850870a228a","0","3b182a9b3152ff5b46aaa850870a228a","3","1","false","3b182a9b3152ff5b46aaa850870a228a","0"
"4.81294964028777","7","140794ff5c3335a5e2f1f8cbea5707d8","140794ff5c3335a5e2f1f8cbea5707d8","0","140794ff5c3335a5e2f1f8cbea5707d8","7","1","false","140794ff5c3335a5e2f1f8cbea5707d8","0"
"12.15","15","11e38c8bf0c5bf98ba0c82e183af8d04","11e38c8bf0c5bf98ba0c82e183af8d04","0","11e38c8bf0c5bf98ba0c82e183af8d04","15","1","false","11e38c8bf0c5bf98ba0c82e183af8d04","0"
"4.68548387096774","6","2e944ddf98fd34ccefa36881e59ea4bf","2e944ddf98fd34ccefa36881e59ea4bf","0","2e944ddf98fd34ccefa36881e59ea4bf","6","1","false","2e944ddf98fd34ccefa36881e59ea4bf","0"
"41.73596358118362","18","95b61ee151d8cc0d60f946ce80955614","95b61ee151d8cc0d60f946ce80955614","0","95b61ee151d8cc0d60f946ce80955614","18","2","false","95b61ee151d8cc0d60f946ce80955614","0"
"59.6797583081571","9","2207479b72b90b6f8c7db14ca0f1cec2","2207479b72b90b6f8c7db14ca0f1cec2","0","2207479b72b90b6f8c7db14ca0f1cec2","9","1","false","2207479b72b90b6f8c7db14ca0f1cec2","0"
"32.72826086956525","35","83309c93c411043eeaf789e3e31c9148","83309c93c411043eeaf789e3e31c9148","0","83309c93c411043eeaf789e3e31c9148","35","2","false","83309c93c411043eeaf789e3e31c9148","0"
"10.7522123893805","15","495affe5e03fbab01286138422825790","495affe5e03fbab01286138422825790","0","495affe5e03fbab01286138422825790","15","1","false","495affe5e03fbab01286138422825790","0"
"19.3421828908555","6","7323c420148a209a8c2a5080c3c16a97","7323c420148a209a8c2a5080c3c16a97","0","7323c420148a209a8c2a5080c3c16a97","6","1","false","7323c420148a209a8c2a5080c3c16a97","0"
"95.1966666666667","7","70612b50f6d1c35186856569a9c07621","70612b50f6d1c35186856569a9c07621","0","70612b50f6d1c35186856569a9c07621","7","2","false","70612b50f6d1c35186856569a9c07621","0"
"13060.589999999993","1","717cfb9085b1daaf45ce2800695638cb","717cfb9085b1daaf45ce2800695638cb","0","717cfb9085b1daaf45ce2800695638cb","1","11","false","717cfb9085b1daaf45ce2800695638cb","0"
"57824.703448275846","5","ceeaa05c3682b56bfff922311a6f6923","ceeaa05c3682b56bfff922311a6f6923","0","ceeaa05c3682b56bfff922311a6f6923","5","15","false","ceeaa05c3682b56bfff922311a6f6923","0"
"120.17948717948751","9","c91dc467d698b947d18a52671c22c4ad","c91dc467d698b947d18a52671c22c4ad","0","c91dc467d698b947d18a52671c22c4ad","9","2","false","c91dc467d698b947d18a52671c22c4ad","0"
"18.7616822429907","7","cc3f5125fbdda78c6f05954b1220aa7d","cc3f5125fbdda78c6f05954b1220aa7d","0","cc3f5125fbdda78c6f05954b1220aa7d","7","1","false","cc3f5125fbdda78c6f05954b1220aa7d","0"
"32.1066666666667","18","5aa42738544df31fb6e851d167d41817","5aa42738544df31fb6e851d167d41817","0","5aa42738544df31fb6e851d167d41817","18","2","false","5aa42738544df31fb6e851d167d41817","0"
"90.91428571428571","13","a5143ab1d2d5621d095cc650aaff7e31","a5143ab1d2d5621d095cc650aaff7e31","0","a5143ab1d2d5621d095cc650aaff7e31","13","2","false","a5143ab1d2d5621d095cc650aaff7e31","0"
"115.541850220264","6","d7480d6168032b229fec534783eeaa0e","d7480d6168032b229fec534783eeaa0e","0","d7480d6168032b229fec534783eeaa0e","6","1","false","d7480d6168032b229fec534783eeaa0e","0"
"56.9917012448133","4","37cf8620867a26954b4253998ec98fd5","37cf8620867a26954b4253998ec98fd5","0","37cf8620867a26954b4253998ec98fd5","4","1","false","37cf8620867a26954b4253998ec98fd5","0"
"40.56720430107529","9","501cc7c28e0c3c35a005efbb09132cbe","501cc7c28e0c3c35a005efbb09132cbe","0","501cc7c28e0c3c35a005efbb09132cbe","9","2","false","501cc7c28e0c3c35a005efbb09132cbe","0"
"127835.68693009116","14","4f49d25c3ff81e98cb1c7c319a6dd8e0","4f49d25c3ff81e98cb1c7c319a6dd8e0","0","4f49d25c3ff81e98cb1c7c319a6dd8e0","14","17","false","4f49d25c3ff81e98cb1c7c319a6dd8e0","0"
"15.4475","6","950b0b2f790555be39379bbb9326aeb2","950b0b2f790555be39379bbb9326aeb2","0","950b0b2f790555be39379bbb9326aeb2","6","1","false","950b0b2f790555be39379bbb9326aeb2","0"
"57.6848484848485","8","8ca858cde2e0abbcbaa81af077d04360","8ca858cde2e0abbcbaa81af077d04360","0","8ca858cde2e0abbcbaa81af077d04360","8","2","false","8ca858cde2e0abbcbaa81af077d04360","0"
"11.8333333333333","4","23cacbcc50bdd21addacb96c4f4bd271","23cacbcc50bdd21addacb96c4f4bd271","0","23cacbcc50bdd21addacb96c4f4bd271","4","1","false","23cacbcc50bdd21addacb96c4f4bd271","0"
"56.327731092436956","2","5d3466c8928e35dc14e65d47886ef112","5d3466c8928e35dc14e65d47886ef112","0","5d3466c8928e35dc14e65d47886ef112","2","2","false","5d3466c8928e35dc14e65d47886ef112","0"
"72.9033333333333","15","e3b2b99e11fec1dc60332781256a6550","e3b2b99e11fec1dc60332781256a6550","0","e3b2b99e11fec1dc60332781256a6550","15","1","false","e3b2b99e11fec1dc60332781256a6550","0"
"926.9888888888888","5","1f43d3efe3db5cd72e071c44a2e5a25d","1f43d3efe3db5cd72e071c44a2e5a25d","1","1f43d3efe3db5cd72e071c44a2e5a25d","4","6","false","1f43d3efe3db5cd72e071c44a2e5a25d","0"
"543.4380664652573","8","020643eb1a0c7f8d60f1c1ea687f7c06","020643eb1a0c7f8d60f1c1ea687f7c06","0","020643eb1a0c7f8d60f1c1ea687f7c06","8","3","false","020643eb1a0c7f8d60f1c1ea687f7c06","0"
"91.9401709401709","12","51f1ca54a38846ad8b6ddef458b53645","51f1ca54a38846ad8b6ddef458b53645","0","51f1ca54a38846ad8b6ddef458b53645","12","2","false","51f1ca54a38846ad8b6ddef458b53645","0"
"104.871369294606","3","068c5ca5a5c7da6e1838de061f9a833e","068c5ca5a5c7da6e1838de061f9a833e","0","068c5ca5a5c7da6e1838de061f9a833e","3","1","false","068c5ca5a5c7da6e1838de061f9a833e","0"
"567.0501792114696","3","f2399a63bd7f7c34a3f13f7289bf6c7f","f2399a63bd7f7c34a3f13f7289bf6c7f","0","f2399a63bd7f7c34a3f13f7289bf6c7f","3","6","false","f2399a63bd7f7c34a3f13f7289bf6c7f","0"
"12.029702970297","15","c294b3e5cf7ff0b1fd4241cdbbc35e19","c294b3e5cf7ff0b1fd4241cdbbc35e19","0","c294b3e5cf7ff0b1fd4241cdbbc35e19","15","1","false","c294b3e5cf7ff0b1fd4241cdbbc35e19","0"
"13.114","6","c289edb2e38226bfdf611552375c6fee","c289edb2e38226bfdf611552375c6fee","0","c289edb2e38226bfdf611552375c6fee","6","1","false","c289edb2e38226bfdf611552375c6fee","0"
"502387.2499999999","12","ec732db6fcee5e9a331713cda9f21753","ec732db6fcee5e9a331713cda9f21753","2","ec732db6fcee5e9a331713cda9f21753","10","18","false","ec732db6fcee5e9a331713cda9f21753","0"
"68.7180616740088","21","dd8e42ae13b1a9dd7135cee32a1b6ef1","dd8e42ae13b1a9dd7135cee32a1b6ef1","0","dd8e42ae13b1a9dd7135cee32a1b6ef1","21","2","false","dd8e42ae13b1a9dd7135cee32a1b6ef1","0"
"65.4360465116279","14","d934533e84537834e86d7623bd5390bf","d934533e84537834e86d7623bd5390bf","0","d934533e84537834e86d7623bd5390bf","14","2","false","d934533e84537834e86d7623bd5390bf","0"
"2451.97095435685","4","26e6e178b66b47c75cc1d711b6d28237","26e6e178b66b47c75cc1d711b6d28237","0","26e6e178b66b47c75cc1d711b6d28237","4","1","false","26e6e178b66b47c75cc1d711b6d28237","0"
"73.57943925233646","40","277a44a61efabb07934b85a1731504c1","277a44a61efabb07934b85a1731504c1","0","277a44a61efabb07934b85a1731504c1","40","2","false","277a44a61efabb07934b85a1731504c1","0"
"69.63384615384619","20","c1e432b1b508695759218a40191089d2","c1e432b1b508695759218a40191089d2","0","c1e432b1b508695759218a40191089d2","20","2","false","c1e432b1b508695759218a40191089d2","0"
"19217.227053140137","5","0646e2d2b6879bcfa7bd2d5fbd14a8de","0646e2d2b6879bcfa7bd2d5fbd14a8de","0","0646e2d2b6879bcfa7bd2d5fbd14a8de","5","3","false","0646e2d2b6879bcfa7bd2d5fbd14a8de","0"
"56.375","36","c8b9ce05690dff43b38f50d90a352842","c8b9ce05690dff43b38f50d90a352842","0","c8b9ce05690dff43b38f50d90a352842","36","2","false","c8b9ce05690dff43b38f50d90a352842","0"
"54.122222222222206","20","1a4fefa85b6a85a92dd14b20d4dcf904","1a4fefa85b6a85a92dd14b20d4dcf904","0","1a4fefa85b6a85a92dd14b20d4dcf904","20","2","false","1a4fefa85b6a85a92dd14b20d4dcf904","0"
"9.42162162162162","6","cbf5c199f036ef657e6d15b561dd7e2c","cbf5c199f036ef657e6d15b561dd7e2c","0","cbf5c199f036ef657e6d15b561dd7e2c","6","1","false","cbf5c199f036ef657e6d15b561dd7e2c","0"
"3562.8717948717976","5","c47dd021afe1fe12ae85d2035b565822","c47dd021afe1fe12ae85d2035b565822","0","c47dd021afe1fe12ae85d2035b565822","5","11","false","c47dd021afe1fe12ae85d2035b565822","0"
"30.524154589372","3","ed6be8f95771172487d2e2c10349c0cb","ed6be8f95771172487d2e2c10349c0cb","0","ed6be8f95771172487d2e2c10349c0cb","3","1","false","ed6be8f95771172487d2e2c10349c0cb","0"
"75.81188118811889","7","0724ee14bb12983a282a328003feaf95","0724ee14bb12983a282a328003feaf95","0","0724ee14bb12983a282a328003feaf95","7","2","false","0724ee14bb12983a282a328003feaf95","0"
"71.9108910891089","13","79c0c5ba22354f97c8d468f86ffb3c22","79c0c5ba22354f97c8d468f86ffb3c22","0","79c0c5ba22354f97c8d468f86ffb3c22","13","2","false","79c0c5ba22354f97c8d468f86ffb3c22","0"
"26.4381720430107","6","21da49701ccfc32c01a63b430e78d5f2","21da49701ccfc32c01a63b430e78d5f2","0","21da49701ccfc32c01a63b430e78d5f2","6","1","false","21da49701ccfc32c01a63b430e78d5f2","0"
"16.24766355140187","10","ed8fa4e44ba531be98149a22ec314370","ed8fa4e44ba531be98149a22ec314370","0","ed8fa4e44ba531be98149a22ec314370","10","2","false","ed8fa4e44ba531be98149a22ec314370","0"
"11.625","4","97df308bda4ed9087e66e517861146d8","97df308bda4ed9087e66e517861146d8","0","97df308bda4ed9087e66e517861146d8","4","1","false","97df308bda4ed9087e66e517861146d8","0"
"6380.8970099667895","5","dc9f17a52872dc304bbea58445f0bfc0","dc9f17a52872dc304bbea58445f0bfc0","0","dc9f17a52872dc304bbea58445f0bfc0","5","8","false","dc9f17a52872dc304bbea58445f0bfc0","0"
"146941.60132890378","5","9588ec072a7137ef5ac3fdc2d25f1318","9588ec072a7137ef5ac3fdc2d25f1318","0","9588ec072a7137ef5ac3fdc2d25f1318","5","12","false","9588ec072a7137ef5ac3fdc2d25f1318","0"
"220.74999999999991","7","d995f874f6bfcbab7e12cd8fde31f2c5","d995f874f6bfcbab7e12cd8fde31f2c5","0","d995f874f6bfcbab7e12cd8fde31f2c5","7","4","false","d995f874f6bfcbab7e12cd8fde31f2c5","0"
"49.1846153846154","11","281d04bed38e6987f7d87dddafd715e3","281d04bed38e6987f7d87dddafd715e3","0","281d04bed38e6987f7d87dddafd715e3","11","3","false","281d04bed38e6987f7d87dddafd715e3","0"
"113.34","18","ec37cb699213967ae145ff64f98e2977","ec37cb699213967ae145ff64f98e2977","0","ec37cb699213967ae145ff64f98e2977","18","2","false","ec37cb699213967ae145ff64f98e2977","0"
"28.0202127659574","9","455c3191046ab64147e5448eb2ef789b","455c3191046ab64147e5448eb2ef789b","0","455c3191046ab64147e5448eb2ef789b","9","1","false","455c3191046ab64147e5448eb2ef789b","0"
"2.28813559322034","15","d5435f59fd08e2211443d719d27ff188","d5435f59fd08e2211443d719d27ff188","0","d5435f59fd08e2211443d719d27ff188","15","1","false","d5435f59fd08e2211443d719d27ff188","0"
"16.58620689655175","40","2a70e5759a7022602e23df0948848289","2a70e5759a7022602e23df0948848289","0","2a70e5759a7022602e23df0948848289","40","2","false","2a70e5759a7022602e23df0948848289","0"
"15.7862068965517","4","871b7be68ca52f30fb807f32a7148f6b","871b7be68ca52f30fb807f32a7148f6b","0","871b7be68ca52f30fb807f32a7148f6b","4","1","false","871b7be68ca52f30fb807f32a7148f6b","0"
"71.2950819672131","16","ecc7e6cc76c456e991bd8c96271fa1d0","ecc7e6cc76c456e991bd8c96271fa1d0","0","ecc7e6cc76c456e991bd8c96271fa1d0","16","2","false","ecc7e6cc76c456e991bd8c96271fa1d0","0"
"24.3","15","221ac7ce885ab93a52834afd4e282b0b","221ac7ce885ab93a52834afd4e282b0b","0","221ac7ce885ab93a52834afd4e282b0b","15","1","false","221ac7ce885ab93a52834afd4e282b0b","0"
"81777.3884892086","11","34b25303a609287b77d9c44a280ee548","34b25303a609287b77d9c44a280ee548","0","34b25303a609287b77d9c44a280ee548","11","14","false","34b25303a609287b77d9c44a280ee548","0"
"99.080586080586","25","29e9ebb97a63958f4a6ac6a8c0517d49","29e9ebb97a63958f4a6ac6a8c0517d49","0","29e9ebb97a63958f4a6ac6a8c0517d49","25","2","false","29e9ebb97a63958f4a6ac6a8c0517d49","0"
"21406.42352941175","3","e7d84aa90c6752d41742f5e2652b8cbe","e7d84aa90c6752d41742f5e2652b8cbe","0","e7d84aa90c6752d41742f5e2652b8cbe","3","8","false","e7d84aa90c6752d41742f5e2652b8cbe","0"
"24.82258064516128","7","b95459ef51b6854ce66a3eab2c773a74","b95459ef51b6854ce66a3eab2c773a74","0","b95459ef51b6854ce66a3eab2c773a74","7","2","false","b95459ef51b6854ce66a3eab2c773a74","0"
"98.35","6","fc1f3ab82b85b2f4055b752879df8b4b","fc1f3ab82b85b2f4055b752879df8b4b","0","fc1f3ab82b85b2f4055b752879df8b4b","6","1","false","fc1f3ab82b85b2f4055b752879df8b4b","0"
"1858.8582089552233","3","4643254b1bec98fe10d8fd1d76291878","4643254b1bec98fe10d8fd1d76291878","0","4643254b1bec98fe10d8fd1d76291878","3","10","false","4643254b1bec98fe10d8fd1d76291878","0"
"34239.68","3","b1b7f3dc527760422478531afad9043e","b1b7f3dc527760422478531afad9043e","0","b1b7f3dc527760422478531afad9043e","3","11","false","b1b7f3dc527760422478531afad9043e","0"
"1443.5","12","d59ed2fe15e79b35aaf4470414cdc597","d59ed2fe15e79b35aaf4470414cdc597","0","d59ed2fe15e79b35aaf4470414cdc597","12","2","false","d59ed2fe15e79b35aaf4470414cdc597","0"
"153.6931034482759","12","8b5b2b14ebbcd30fb8de9ad734f947e3","8b5b2b14ebbcd30fb8de9ad734f947e3","0","8b5b2b14ebbcd30fb8de9ad734f947e3","12","2","false","8b5b2b14ebbcd30fb8de9ad734f947e3","0"
"3.88333333333333","3","cdab2dc0d51f03600aa1d487eeff7016","cdab2dc0d51f03600aa1d487eeff7016","0","cdab2dc0d51f03600aa1d487eeff7016","3","1","false","cdab2dc0d51f03600aa1d487eeff7016","0"
"28335.7034482759","7","8d0591b78ad61865a0becec5610f4cf5","8d0591b78ad61865a0becec5610f4cf5","0","8d0591b78ad61865a0becec5610f4cf5","7","1","false","8d0591b78ad61865a0becec5610f4cf5","0"
"4020.135","8","4dc56079481ac72974668ed07c202944","4dc56079481ac72974668ed07c202944","0","4dc56079481ac72974668ed07c202944","8","2","false","4dc56079481ac72974668ed07c202944","0"
"1423.52747252747","2","ff8f9caf9a30ddccb602e0bd1314d4b0","ff8f9caf9a30ddccb602e0bd1314d4b0","0","ff8f9caf9a30ddccb602e0bd1314d4b0","2","1","false","ff8f9caf9a30ddccb602e0bd1314d4b0","0"
"550.29696969697","7","309fa0b01268a06282fa95da7f1a7a39","309fa0b01268a06282fa95da7f1a7a39","0","309fa0b01268a06282fa95da7f1a7a39","7","1","false","309fa0b01268a06282fa95da7f1a7a39","0"
"179.3666666666667","13","ddbe19d07a4e55cc7b2fbfad276ac69c","ddbe19d07a4e55cc7b2fbfad276ac69c","0","ddbe19d07a4e55cc7b2fbfad276ac69c","13","2","false","ddbe19d07a4e55cc7b2fbfad276ac69c","0"
"18.9958506224066","4","e1f074282a8937082378178151f8e6d3","e1f074282a8937082378178151f8e6d3","0","e1f074282a8937082378178151f8e6d3","4","1","false","e1f074282a8937082378178151f8e6d3","0"
"36.5685483870968","27","4af78d86ca2c7328aee1a0246474e72f","4af78d86ca2c7328aee1a0246474e72f","0","4af78d86ca2c7328aee1a0246474e72f","27","2","false","4af78d86ca2c7328aee1a0246474e72f","0"
"29.055","6","d4cf7e96d2fa2959ff7f0c06d9147622","d4cf7e96d2fa2959ff7f0c06d9147622","0","d4cf7e96d2fa2959ff7f0c06d9147622","6","1","false","d4cf7e96d2fa2959ff7f0c06d9147622","0"
"193.22000000000003","9","a9fda7f893fc4f5aaac34ad517250a09","a9fda7f893fc4f5aaac34ad517250a09","0","a9fda7f893fc4f5aaac34ad517250a09","9","2","false","a9fda7f893fc4f5aaac34ad517250a09","0"
"2118.65333333333","7","5b41c1baf81533ec69af26fe31fa54bc","5b41c1baf81533ec69af26fe31fa54bc","0","5b41c1baf81533ec69af26fe31fa54bc","7","1","false","5b41c1baf81533ec69af26fe31fa54bc","0"
"46.03960396039607","22","4056253494ea550ca54701696c98e942","4056253494ea550ca54701696c98e942","0","4056253494ea550ca54701696c98e942","22","2","false","4056253494ea550ca54701696c98e942","0"
"61.4271428571429","6","4a35975d88c2b1f5fbe3caf6368b1e35","4a35975d88c2b1f5fbe3caf6368b1e35","0","4a35975d88c2b1f5fbe3caf6368b1e35","6","1","false","4a35975d88c2b1f5fbe3caf6368b1e35","0"
"3.674390243902438","40","20cf675b37fc26b8894621c706bb1e5b","20cf675b37fc26b8894621c706bb1e5b","0","20cf675b37fc26b8894621c706bb1e5b","40","2","false","20cf675b37fc26b8894621c706bb1e5b","0"
"100.01680672268907","12","834f7f3b273523858065529299140a1c","834f7f3b273523858065529299140a1c","0","834f7f3b273523858065529299140a1c","12","3","false","834f7f3b273523858065529299140a1c","0"
"61.2605042016807","15","6e6900b01fea8e5a02f5cf25567c15ae","6e6900b01fea8e5a02f5cf25567c15ae","0","6e6900b01fea8e5a02f5cf25567c15ae","15","1","false","6e6900b01fea8e5a02f5cf25567c15ae","0"
"11.2153846153846","15","e892c964acbf114690294b90891719f2","e892c964acbf114690294b90891719f2","0","e892c964acbf114690294b90891719f2","15","1","false","e892c964acbf114690294b90891719f2","0"
"34.87966804979248","40","9f4dc421dab5ccfd8dac32480f6f3240","9f4dc421dab5ccfd8dac32480f6f3240","0","9f4dc421dab5ccfd8dac32480f6f3240","40","2","false","9f4dc421dab5ccfd8dac32480f6f3240","0"
"8.09475806451613","7","b8607c05cd36a24f37fa31102cdbbb2f","b8607c05cd36a24f37fa31102cdbbb2f","0","b8607c05cd36a24f37fa31102cdbbb2f","7","1","false","b8607c05cd36a24f37fa31102cdbbb2f","0"
"24.7913669064749","17","c3903abd59161829dc2273e1287c8bd0","c3903abd59161829dc2273e1287c8bd0","0","c3903abd59161829dc2273e1287c8bd0","17","2","false","c3903abd59161829dc2273e1287c8bd0","0"
"199.55","8","fcb0fc575d0984c2da7326fcef04b31b","fcb0fc575d0984c2da7326fcef04b31b","0","fcb0fc575d0984c2da7326fcef04b31b","8","1","false","fcb0fc575d0984c2da7326fcef04b31b","0"
"85.69999999999999","9","3cb8caad2a96da1ecd6a0c9557ce4701","3cb8caad2a96da1ecd6a0c9557ce4701","0","3cb8caad2a96da1ecd6a0c9557ce4701","9","2","false","3cb8caad2a96da1ecd6a0c9557ce4701","0"
"209.76876876876833","24","57949cc873749b9f6c738cd1ece2eb81","57949cc873749b9f6c738cd1ece2eb81","0","57949cc873749b9f6c738cd1ece2eb81","24","2","false","57949cc873749b9f6c738cd1ece2eb81","0"
"25.4754098360656","3","f8e82b70341402e279530e20c5195aff","f8e82b70341402e279530e20c5195aff","0","f8e82b70341402e279530e20c5195aff","3","1","false","f8e82b70341402e279530e20c5195aff","0"
"7.19400352733686","3","27962268d245c6b0a90b078790d688e6","27962268d245c6b0a90b078790d688e6","0","27962268d245c6b0a90b078790d688e6","3","1","false","27962268d245c6b0a90b078790d688e6","0"
"34.92","18","7e007a32d2a6b736c11c677e94c5d3d9","7e007a32d2a6b736c11c677e94c5d3d9","0","7e007a32d2a6b736c11c677e94c5d3d9","18","2","false","7e007a32d2a6b736c11c677e94c5d3d9","0"
"524.542772861356","40","ac3c33bd2c658527fecdf4c97bb32820","ac3c33bd2c658527fecdf4c97bb32820","0","ac3c33bd2c658527fecdf4c97bb32820","40","2","false","ac3c33bd2c658527fecdf4c97bb32820","0"
"15.5769230769231","15","18015704de6c02522df0c65e32d2dfc7","18015704de6c02522df0c65e32d2dfc7","0","18015704de6c02522df0c65e32d2dfc7","15","1","false","18015704de6c02522df0c65e32d2dfc7","0"
"12865.776","3","d7304cace55f7ff9dc6919c0241dc2d8","d7304cace55f7ff9dc6919c0241dc2d8","0","d7304cace55f7ff9dc6919c0241dc2d8","3","12","false","d7304cace55f7ff9dc6919c0241dc2d8","0"
"287656.56470588257","12","89ff91fcb576b902de28c44c7fc2aaae","89ff91fcb576b902de28c44c7fc2aaae","0","89ff91fcb576b902de28c44c7fc2aaae","12","17","false","89ff91fcb576b902de28c44c7fc2aaae","0"
"6635.357575757579","11","0ae7fccbb85864f098b570fb7fd84e5e","0ae7fccbb85864f098b570fb7fd84e5e","0","0ae7fccbb85864f098b570fb7fd84e5e","11","9","false","0ae7fccbb85864f098b570fb7fd84e5e","0"
"828.525","10","d9f96367007631346837b7a5bac527f5","d9f96367007631346837b7a5bac527f5","0","d9f96367007631346837b7a5bac527f5","10","2","false","d9f96367007631346837b7a5bac527f5","0"
"287.338607594937","7","f04cc17c663aa4f38f0e5b814d665bf0","f04cc17c663aa4f38f0e5b814d665bf0","0","f04cc17c663aa4f38f0e5b814d665bf0","7","1","false","f04cc17c663aa4f38f0e5b814d665bf0","0"
"793.5120967741932","27","2476d04dcac08f92264ce5604e1b1624","2476d04dcac08f92264ce5604e1b1624","0","2476d04dcac08f92264ce5604e1b1624","27","2","false","2476d04dcac08f92264ce5604e1b1624","0"
"11482.83666666666","10","8017a96da6fba80ea0e4a78372fb21c4","8017a96da6fba80ea0e4a78372fb21c4","0","8017a96da6fba80ea0e4a78372fb21c4","10","14","false","8017a96da6fba80ea0e4a78372fb21c4","0"
"35704.0","12","00e150269ecc665d692a72b837db1043","00e150269ecc665d692a72b837db1043","0","00e150269ecc665d692a72b837db1043","12","18","false","00e150269ecc665d692a72b837db1043","0"
"44.3656387665198","16","1d6726c8679267b4460de29f501d8fc4","1d6726c8679267b4460de29f501d8fc4","0","1d6726c8679267b4460de29f501d8fc4","16","2","false","1d6726c8679267b4460de29f501d8fc4","0"
"522.587301587302","9","88cebbc1e879414a0d61100d62da8a4c","88cebbc1e879414a0d61100d62da8a4c","0","88cebbc1e879414a0d61100d62da8a4c","9","1","false","88cebbc1e879414a0d61100d62da8a4c","0"
"22.893749999999997","27","daa1fabc5970f996efa1568a9628b5e2","daa1fabc5970f996efa1568a9628b5e2","0","daa1fabc5970f996efa1568a9628b5e2","27","2","false","daa1fabc5970f996efa1568a9628b5e2","0"
"267.10685483871","6","2101335121498a4aef12d4960205b761","2101335121498a4aef12d4960205b761","0","2101335121498a4aef12d4960205b761","6","1","false","2101335121498a4aef12d4960205b761","0"
"7.21782178217822","15","1a6ff3f5707cff92e36b7858631b5cbe","1a6ff3f5707cff92e36b7858631b5cbe","0","1a6ff3f5707cff92e36b7858631b5cbe","15","1","false","1a6ff3f5707cff92e36b7858631b5cbe","0"
"107.945355191257","9","4c5547e0dcacf5c9e5188b99a34dba55","4c5547e0dcacf5c9e5188b99a34dba55","0","4c5547e0dcacf5c9e5188b99a34dba55","9","1","false","4c5547e0dcacf5c9e5188b99a34dba55","0"
"71.67","18","52fa8729b21fa7c1ae73f7372b9fac62","52fa8729b21fa7c1ae73f7372b9fac62","0","52fa8729b21fa7c1ae73f7372b9fac62","18","2","false","52fa8729b21fa7c1ae73f7372b9fac62","0"
"13.03358208955224","18","b32eae920d13baaaa05c276cfc1e03f3","b32eae920d13baaaa05c276cfc1e03f3","0","b32eae920d13baaaa05c276cfc1e03f3","18","2","false","b32eae920d13baaaa05c276cfc1e03f3","0"
"30.8061674008811","3","d00e0cf1dbef0a64a8f351250930514b","d00e0cf1dbef0a64a8f351250930514b","0","d00e0cf1dbef0a64a8f351250930514b","3","1","false","d00e0cf1dbef0a64a8f351250930514b","0"
"179.4391534391535","3","6488f96c2848262a4b91f19fe95ef055","6488f96c2848262a4b91f19fe95ef055","0","6488f96c2848262a4b91f19fe95ef055","3","5","false","6488f96c2848262a4b91f19fe95ef055","0"
"586.0240963855421","5","c80fd3c4c9da50979fc3b8927d9291fd","c80fd3c4c9da50979fc3b8927d9291fd","0","c80fd3c4c9da50979fc3b8927d9291fd","5","6","false","c80fd3c4c9da50979fc3b8927d9291fd","0"
"68518.11355311358","10","65af148eb83971244648cd8f8f3a5d74","65af148eb83971244648cd8f8f3a5d74","0","65af148eb83971244648cd8f8f3a5d74","10","18","false","65af148eb83971244648cd8f8f3a5d74","0"
"49938.203921568616","2","7691696ae4246c4e23ded2d892b9b37c","7691696ae4246c4e23ded2d892b9b37c","0","7691696ae4246c4e23ded2d892b9b37c","2","10","false","7691696ae4246c4e23ded2d892b9b37c","0"
"119.85555555555561","40","53b0b695f0c9a01b18f142a2fd878b4f","53b0b695f0c9a01b18f142a2fd878b4f","0","53b0b695f0c9a01b18f142a2fd878b4f","40","2","false","53b0b695f0c9a01b18f142a2fd878b4f","0"
"21.14","40","9f740055ada55d16eecc27a1ee8b444f","9f740055ada55d16eecc27a1ee8b444f","0","9f740055ada55d16eecc27a1ee8b444f","40","2","false","9f740055ada55d16eecc27a1ee8b444f","0"
"13.3516483516484","15","263aba6af97334b3dc7144d69ca53d95","263aba6af97334b3dc7144d69ca53d95","0","263aba6af97334b3dc7144d69ca53d95","15","1","false","263aba6af97334b3dc7144d69ca53d95","0"
"31.7524752475247","33","08abc6dfcd8eccfcb0de4ae667cde68e","08abc6dfcd8eccfcb0de4ae667cde68e","0","08abc6dfcd8eccfcb0de4ae667cde68e","33","2","false","08abc6dfcd8eccfcb0de4ae667cde68e","0"
"222.4455696202527","39","2635d7a78931f45c70910fa49d8ddfe9","2635d7a78931f45c70910fa49d8ddfe9","0","2635d7a78931f45c70910fa49d8ddfe9","39","2","false","2635d7a78931f45c70910fa49d8ddfe9","0"
"8.9010989010989","15","e62a6e13231d6b0e22193752bda9fc2f","e62a6e13231d6b0e22193752bda9fc2f","0","e62a6e13231d6b0e22193752bda9fc2f","15","1","false","e62a6e13231d6b0e22193752bda9fc2f","0"
"40.158620689655194","10","d0aa3bf9a9e0a77d60f3a77265e490b6","d0aa3bf9a9e0a77d60f3a77265e490b6","0","d0aa3bf9a9e0a77d60f3a77265e490b6","10","2","false","d0aa3bf9a9e0a77d60f3a77265e490b6","0"
"99.77","8","8671ec74ab98dcbab0f43825e3990a7a","8671ec74ab98dcbab0f43825e3990a7a","0","8671ec74ab98dcbab0f43825e3990a7a","8","1","false","8671ec74ab98dcbab0f43825e3990a7a","0"
"5.39717741935484","7","a6eea2565ce119d3b99b40e1f5eead22","a6eea2565ce119d3b99b40e1f5eead22","0","a6eea2565ce119d3b99b40e1f5eead22","7","1","false","a6eea2565ce119d3b99b40e1f5eead22","0"
"18.6157142857143","25","a1fd026243c0d74ecb66540fb2aa8586","a1fd026243c0d74ecb66540fb2aa8586","0","a1fd026243c0d74ecb66540fb2aa8586","25","2","false","a1fd026243c0d74ecb66540fb2aa8586","0"
"108.7138461538461","9","03144a3f5d639d4de42fa07527452428","03144a3f5d639d4de42fa07527452428","0","03144a3f5d639d4de42fa07527452428","9","2","false","03144a3f5d639d4de42fa07527452428","0"
"63.007299270073","6","92db260f9b4289c575b22bd3703745c3","92db260f9b4289c575b22bd3703745c3","0","92db260f9b4289c575b22bd3703745c3","6","1","false","92db260f9b4289c575b22bd3703745c3","0"
"38.453164556962","9","a93a9d7747985e998a1994e7769c28e1","a93a9d7747985e998a1994e7769c28e1","0","a93a9d7747985e998a1994e7769c28e1","9","2","false","a93a9d7747985e998a1994e7769c28e1","0"
"22.1346153846154","6","c0afaaa885a462b379a41eb3c119c05d","c0afaaa885a462b379a41eb3c119c05d","0","c0afaaa885a462b379a41eb3c119c05d","6","1","false","c0afaaa885a462b379a41eb3c119c05d","0"
"292.380952380952","8","e7715c722fba221b2393ed1dcf297f04","e7715c722fba221b2393ed1dcf297f04","0","e7715c722fba221b2393ed1dcf297f04","8","1","false","e7715c722fba221b2393ed1dcf297f04","0"
"565.455","10","2a071e643cea456d2e6fecb2a55158e5","2a071e643cea456d2e6fecb2a55158e5","0","2a071e643cea456d2e6fecb2a55158e5","10","2","false","2a071e643cea456d2e6fecb2a55158e5","0"
"40.491935483871","37","7ad9a74865fd25d68c926218465708ef","7ad9a74865fd25d68c926218465708ef","0","7ad9a74865fd25d68c926218465708ef","37","2","false","7ad9a74865fd25d68c926218465708ef","0"
"11.9704433497537","15","875600d01fa63112389814cefbad9091","875600d01fa63112389814cefbad9091","0","875600d01fa63112389814cefbad9091","15","1","false","875600d01fa63112389814cefbad9091","0"
