"abundance","AverageShortestPathLength","BetweennessCentrality","ClosenessCentrality","ClusteringCoefficient","degree","Eccentricity","IsSingleNode","Label","name","negdegree","NeighborhoodConnectivity","NumberOfDirectedEdges","NumberOfUndirectedEdges","oriID","PartnerOfMultiEdgedNodePairs","posdegree","Radiality","samplecount","selected","SelfLoops","shared name","Stress","TopologicalCoefficient","unknowndegree"
"73339.48666666672","1.0","0.0","1.0","0.0","1","1","false","e865a602634bda1dd23df3935a045780","e865a602634bda1dd23df3935a045780","0","1.0","0","1","e865a602634bda1dd23df3935a045780","0","1","1.0","29","false","0","e865a602634bda1dd23df3935a045780","0","0.0","0"
"5342.753333333339","1.0","0.0","1.0","0.0","1","1","false","131493a1d50842ba65d106bbd4a44247","131493a1d50842ba65d106bbd4a44247","0","1.0","0","1","131493a1d50842ba65d106bbd4a44247","0","1","1.0","16","false","0","131493a1d50842ba65d106bbd4a44247","0","0.0","0"
"268.6890756302521","12.386363636363637","0.0","0.08073394495412844","1.0","2","28","false","7c4d250917dadac7e974d556e1a74c2c","7c4d250917dadac7e974d556e1a74c2c","0","6.0","0","2","7c4d250917dadac7e974d556e1a74c2c","0","2","-0.03512396694214879","3","false","0","7c4d250917dadac7e974d556e1a74c2c","0","1.0","0"
"15.45316455696198","3.111111111111111","0.0","0.3214285714285714","0.0","1","5","false","468d8a33d8e900a35ad5e01cdcd9eefe","468d8a33d8e900a35ad5e01cdcd9eefe","0","3.0","0","1","468d8a33d8e900a35ad5e01cdcd9eefe","0","1","0.2962962962962963","2","false","0","468d8a33d8e900a35ad5e01cdcd9eefe","0","0.0","0"
"10.014","1.5","0.0","0.6666666666666666","0.0","1","2","false","5f0231c587db5b9186d174cbfe603ee6","5f0231c587db5b9186d174cbfe603ee6","0","2.0","0","1","5f0231c587db5b9186d174cbfe603ee6","0","1","0.75","1","false","0","5f0231c587db5b9186d174cbfe603ee6","0","0.0","0"
"1272.11","14.238636363636363","0.0","0.07023144453312051","0.0","1","30","false","be46c267c251319bcc906dd39dd19364","be46c267c251319bcc906dd39dd19364","0","4.0","0","1","be46c267c251319bcc906dd39dd19364","0","1","-0.20351239669421484","1","false","0","be46c267c251319bcc906dd39dd19364","0","0.0","0"
"27353.648351648357","1.0","0.0","1.0","1.0","2","1","false","51b1a5875a1fda3d5bbc4938d1c14683","51b1a5875a1fda3d5bbc4938d1c14683","0","2.0","0","2","51b1a5875a1fda3d5bbc4938d1c14683","0","2","1.0","9","false","0","51b1a5875a1fda3d5bbc4938d1c14683","0","1.0","0"
"6.88796680497925","2.0","0.0","0.5","0.0","1","3","false","6d9d5a89adbe294b373f5edab08b738b","6d9d5a89adbe294b373f5edab08b738b","0","2.0","0","1","6d9d5a89adbe294b373f5edab08b738b","0","1","0.5","1","false","0","6d9d5a89adbe294b373f5edab08b738b","0","0.0","0"
"27023.06060606062","1.0","0.0","1.0","0.0","1","1","false","d0c3f135c0068701de6e5449a754f3f2","d0c3f135c0068701de6e5449a754f3f2","0","1.0","0","1","d0c3f135c0068701de6e5449a754f3f2","0","1","1.0","29","false","0","d0c3f135c0068701de6e5449a754f3f2","0","0.0","0"
"11395.781893004112","1.0","0.0","1.0","0.0","1","1","false","d899a66c4f76249be941c7e22aa3c155","d899a66c4f76249be941c7e22aa3c155","0","1.0","0","1","d899a66c4f76249be941c7e22aa3c155","0","1","1.0","39","false","0","d899a66c4f76249be941c7e22aa3c155","0","0.0","0"
"16.48","12.664772727272727","0.0","0.07895917451772096","1.0","2","29","false","e71b23d76068f3ff423a6444827c299f","e71b23d76068f3ff423a6444827c299f","0","5.0","0","2","e71b23d76068f3ff423a6444827c299f","0","2","-0.060433884297520606","2","false","0","e71b23d76068f3ff423a6444827c299f","0","1.0","0"
"34.08669354838711","16.181818181818183","0.0","0.061797752808988755","0.0","1","27","false","b1d0bd80ad90314a7d2aacf025d4496b","b1d0bd80ad90314a7d2aacf025d4496b","0","3.0","0","1","b1d0bd80ad90314a7d2aacf025d4496b","0","1","-0.38016528925619847","3","false","0","b1d0bd80ad90314a7d2aacf025d4496b","0","0.0","0"
"10.28270042194093","1.0","0.0","1.0","0.0","1","1","false","7d6ce25d422c0790cc42d49b751eb330","7d6ce25d422c0790cc42d49b751eb330","0","1.0","0","1","7d6ce25d422c0790cc42d49b751eb330","0","1","1.0","4","false","0","7d6ce25d422c0790cc42d49b751eb330","0","0.0","0"
"29.595000000000002","1.0","0.0","1.0","0.0","1","1","false","6eea5daf224554348baa1e458e3da5c2","6eea5daf224554348baa1e458e3da5c2","0","1.0","0","1","6eea5daf224554348baa1e458e3da5c2","0","1","1.0","4","false","0","6eea5daf224554348baa1e458e3da5c2","0","0.0","0"
"10334.231372549024","10.301136363636363","0.0","0.09707666850523994","0.0","1","23","false","68ae0326c59d9554dbe6acc02217734d","68ae0326c59d9554dbe6acc02217734d","0","3.0","0","1","68ae0326c59d9554dbe6acc02217734d","0","1","0.1544421487603306","2","false","0","68ae0326c59d9554dbe6acc02217734d","0","0.0","0"
"97.6607929515419","2.0","0.0","0.5","0.0","1","3","false","5e1fc587181e872132f507ea635aaefd","5e1fc587181e872132f507ea635aaefd","0","3.0","0","1","5e1fc587181e872132f507ea635aaefd","0","1","0.6666666666666666","1","false","0","5e1fc587181e872132f507ea635aaefd","0","0.0","0"
"2026.2701612903234","1.25","0.5","0.8","0.3333333333333333","3","2","false","fac7b62d1f278a29672f3fdf733763b8","fac7b62d1f278a29672f3fdf733763b8","0","2.3333333333333335","0","3","fac7b62d1f278a29672f3fdf733763b8","0","3","0.9166666666666666","2","false","0","fac7b62d1f278a29672f3fdf733763b8","8","0.6666666666666666","0"
"238.93687707641206","1.0","0.0","1.0","0.0","1","1","false","965c3a6be49bba757814fe66627baa0d","965c3a6be49bba757814fe66627baa0d","0","1.0","0","1","965c3a6be49bba757814fe66627baa0d","0","1","1.0","5","false","0","965c3a6be49bba757814fe66627baa0d","0","0.0","0"
"595.006644518272","1.0","0.0","1.0","0.0","1","1","false","23742b2d839a54b7e4d54385fb2c1d67","23742b2d839a54b7e4d54385fb2c1d67","0","1.0","0","1","23742b2d839a54b7e4d54385fb2c1d67","0","1","1.0","7","false","0","23742b2d839a54b7e4d54385fb2c1d67","0","0.0","0"
"10879.258823529415","3.7777777777777777","0.0","0.2647058823529412","0.0","1","6","false","9d4a32580e18ce1d3a0e8e9d170a1a9b","9d4a32580e18ce1d3a0e8e9d170a1a9b","0","3.0","0","1","9d4a32580e18ce1d3a0e8e9d170a1a9b","0","1","0.07407407407407411","4","false","0","9d4a32580e18ce1d3a0e8e9d170a1a9b","0","0.0","0"
"49.4333333333333","1.25","0.16666666666666666","0.8","0.6666666666666666","3","2","false","1f75fe4ce821ac953fb66e3379980b55","1f75fe4ce821ac953fb66e3379980b55","0","2.6666666666666665","0","3","1f75fe4ce821ac953fb66e3379980b55","0","3","0.9166666666666666","1","false","0","1f75fe4ce821ac953fb66e3379980b55","4","0.6666666666666666","0"
"624.0981308411215","1.0","0.0","1.0","0.0","1","1","false","759331f8e70beb89ee33fde7a58c8670","759331f8e70beb89ee33fde7a58c8670","0","1.0","0","1","759331f8e70beb89ee33fde7a58c8670","0","1","1.0","4","false","0","759331f8e70beb89ee33fde7a58c8670","0","0.0","0"
"1784.7364705882374","1.0","0.0","1.0","0.0","1","1","false","24b698a5e8d62fea70aa94fb430a3e66","24b698a5e8d62fea70aa94fb430a3e66","0","1.0","0","1","24b698a5e8d62fea70aa94fb430a3e66","0","1","1.0","5","false","0","24b698a5e8d62fea70aa94fb430a3e66","0","0.0","0"
"11.867961165048541","11.801136363636363","0.0","0.08473760231102552","0.0","1","22","false","fe4567f7a71a44ed3c39546b7d93afc7","fe4567f7a71a44ed3c39546b7d93afc7","0","4.0","0","1","fe4567f7a71a44ed3c39546b7d93afc7","0","1","0.018078512396694245","2","false","0","fe4567f7a71a44ed3c39546b7d93afc7","0","0.0","0"
"28938.005813953485","1.5","0.0","0.6666666666666666","0.0","1","2","false","095c18ce75acdc5d096dbaff2ea248b0","095c18ce75acdc5d096dbaff2ea248b0","0","2.0","0","1","095c18ce75acdc5d096dbaff2ea248b0","0","1","0.75","47","false","0","095c18ce75acdc5d096dbaff2ea248b0","0","0.0","0"
"16.8289085545723","11.784090909090908","0.05590909090909091","0.08486017357762778","0.0","3","28","false","33c1be77780a091c6235e6098b927bf4","33c1be77780a091c6235e6098b927bf4","0","4.333333333333333","0","3","33c1be77780a091c6235e6098b927bf4","0","3","0.019628099173553792","1","false","0","33c1be77780a091c6235e6098b927bf4","1207172","0.3333333333333333","0"
"67.2358333333333","1.0","0.0","1.0","0.0","1","1","false","3431376795a43c80dd5e881d71b68da0","3431376795a43c80dd5e881d71b68da0","0","1.0","0","1","3431376795a43c80dd5e881d71b68da0","0","1","1.0","3","false","0","3431376795a43c80dd5e881d71b68da0","0","0.0","0"
"1366.2183333333335","1.0","0.0","1.0","0.0","1","1","false","ddbe19d07a4e55cc7b2fbfad276ac69c","ddbe19d07a4e55cc7b2fbfad276ac69c","0","1.0","0","1","ddbe19d07a4e55cc7b2fbfad276ac69c","0","1","1.0","6","false","0","ddbe19d07a4e55cc7b2fbfad276ac69c","0","0.0","0"
"22.1038961038961","15.3125","0.05358441558441559","0.0653061224489796","0.6","5","27","false","4b91a48341b5922892e2c5ae49482db1","4b91a48341b5922892e2c5ae49482db1","0","5.0","0","5","4b91a48341b5922892e2c5ae49482db1","0","5","-0.30113636363636365","1","false","0","4b91a48341b5922892e2c5ae49482db1","6184748","0.5555555555555556","0"
"1977.52","12.386363636363637","0.0","0.08073394495412844","0.0","1","22","false","58c3893beae8ed368ede518ed3f9af02","58c3893beae8ed368ede518ed3f9af02","0","2.0","0","1","58c3893beae8ed368ede518ed3f9af02","0","1","-0.03512396694214879","4","false","0","58c3893beae8ed368ede518ed3f9af02","0","0.0","0"
"1014.7765567765571","15.210227272727273","0.0","0.06574523720582742","0.0","1","26","false","4e5c80f69c75bf707653f4b7d9fafd35","4e5c80f69c75bf707653f4b7d9fafd35","0","4.0","0","1","4e5c80f69c75bf707653f4b7d9fafd35","0","1","-0.2918388429752067","2","false","0","4e5c80f69c75bf707653f4b7d9fafd35","0","0.0","0"
"3059.09813084112","1.0","0.0","1.0","0.0","1","1","false","11d769ef41bc5a1e5279cf4225327f0b","11d769ef41bc5a1e5279cf4225327f0b","0","1.0","0","1","11d769ef41bc5a1e5279cf4225327f0b","0","1","1.0","1","false","0","11d769ef41bc5a1e5279cf4225327f0b","0","0.0","0"
"1026.89803921569","1.0","0.0","1.0","0.0","1","1","false","64bf11337726320bdff6ae3e5c6c287f","64bf11337726320bdff6ae3e5c6c287f","0","1.0","0","1","64bf11337726320bdff6ae3e5c6c287f","0","1","1.0","1","false","0","64bf11337726320bdff6ae3e5c6c287f","0","0.0","0"
"43.459999999999994","1.3333333333333333","0.0","0.75","1.0","2","2","false","e621ff5c934d94425564cdc813fd266c","e621ff5c934d94425564cdc813fd266c","0","2.5","0","2","e621ff5c934d94425564cdc813fd266c","0","2","0.888888888888889","3","false","0","e621ff5c934d94425564cdc813fd266c","0","0.8333333333333334","0"
"70.10194174757284","10.579545454545455","0.0","0.0945220193340494","0.0","1","26","false","348bc6bbe8610356db50d137330fdffd","348bc6bbe8610356db50d137330fdffd","0","2.0","0","1","348bc6bbe8610356db50d137330fdffd","0","1","0.12913223140495864","4","false","0","348bc6bbe8610356db50d137330fdffd","0","0.0","0"
"6.1088000000000005","2.0","0.0","0.5","0.0","1","3","false","07356141ecbdc39fea395e319cd9ff0b","07356141ecbdc39fea395e319cd9ff0b","0","2.0","0","1","07356141ecbdc39fea395e319cd9ff0b","0","1","0.5","2","false","0","07356141ecbdc39fea395e319cd9ff0b","0","0.0","0"
"147.5788235294118","2.0","0.0","0.5","0.0","1","3","false","c9bb5a8bffb498828fb19c279ce9043f","c9bb5a8bffb498828fb19c279ce9043f","0","3.0","0","1","c9bb5a8bffb498828fb19c279ce9043f","0","1","0.6666666666666666","2","false","0","c9bb5a8bffb498828fb19c279ce9043f","0","0.0","0"
"6.54285714285714","14.403409090909092","0.0","0.06942800788954635","1.0","2","25","false","a66b75011b775b3fda2af72704a61659","a66b75011b775b3fda2af72704a61659","0","2.5","0","2","a66b75011b775b3fda2af72704a61659","0","2","-0.21849173553719015","1","false","0","a66b75011b775b3fda2af72704a61659","0","0.8333333333333334","0"
"30.4477611940299","9.517045454545455","0.07681818181818181","0.10507462686567164","0.3333333333333333","3","25","false","5e2de2275c3789c8ce87f00dd578c5a8","5e2de2275c3789c8ce87f00dd578c5a8","0","5.333333333333333","0","3","5e2de2275c3789c8ce87f00dd578c5a8","0","3","0.22572314049586772","2","false","0","5e2de2275c3789c8ce87f00dd578c5a8","629244","0.45454545454545453","0"
"25.5524193548387","16.130681818181817","0.011233766233766233","0.06199365973934485","0.6666666666666666","3","27","false","2c336693c23fd6d79bfce4ffcea05806","2c336693c23fd6d79bfce4ffcea05806","0","3.0","0","3","2c336693c23fd6d79bfce4ffcea05806","0","3","-0.3755165289256197","1","false","0","2c336693c23fd6d79bfce4ffcea05806","90804","0.6","0"
"13593.60000000003","1.5","0.0","0.6666666666666666","0.0","1","2","false","347d04bbcd7a94276df8f95106fd1d02","347d04bbcd7a94276df8f95106fd1d02","0","2.0","0","1","347d04bbcd7a94276df8f95106fd1d02","0","1","0.75","6","false","0","347d04bbcd7a94276df8f95106fd1d02","0","0.0","0"
"361.6348122866899","1.0","0.0","1.0","0.0","1","1","false","421f16054f6ae4065b4796739639a51d","421f16054f6ae4065b4796739639a51d","0","1.0","0","1","421f16054f6ae4065b4796739639a51d","0","1","1.0","2","false","0","421f16054f6ae4065b4796739639a51d","0","0.0","0"
"263.81","1.0","0.0","1.0","0.0","1","1","false","8292e3bba5a912aa6913008b39e3b7dd","8292e3bba5a912aa6913008b39e3b7dd","0","1.0","0","1","8292e3bba5a912aa6913008b39e3b7dd","0","1","1.0","1","false","0","8292e3bba5a912aa6913008b39e3b7dd","0","0.0","0"
"35705.99025974027","1.0","0.0","1.0","1.0","2","1","false","6e3a073ed776c6d4a05c1cfa88ece8c5","6e3a073ed776c6d4a05c1cfa88ece8c5","0","2.0","0","2","6e3a073ed776c6d4a05c1cfa88ece8c5","0","2","1.0","16","false","0","6e3a073ed776c6d4a05c1cfa88ece8c5","0","1.0","0"
"50052.08305647842","1.0","0.0","1.0","1.0","2","1","false","dc9f17a52872dc304bbea58445f0bfc0","dc9f17a52872dc304bbea58445f0bfc0","0","2.0","0","2","dc9f17a52872dc304bbea58445f0bfc0","0","2","1.0","13","false","0","dc9f17a52872dc304bbea58445f0bfc0","0","1.0","0"
"3.351324828263","1.0","0.0","1.0","1.0","2","1","false","7dadfa95df1131f3df623934aaefb93b","7dadfa95df1131f3df623934aaefb93b","0","2.0","0","2","7dadfa95df1131f3df623934aaefb93b","0","2","1.0","1","false","0","7dadfa95df1131f3df623934aaefb93b","0","1.0","0"
"163.78","1.0","0.0","1.0","0.0","1","1","false","43b95014f0a2630b2b9b9bb394f4ad35","43b95014f0a2630b2b9b9bb394f4ad35","0","1.0","0","1","43b95014f0a2630b2b9b9bb394f4ad35","0","1","1.0","2","false","0","43b95014f0a2630b2b9b9bb394f4ad35","0","0.0","0"
"1712.83111111111","1.0","0.0","1.0","0.0","1","1","false","aee12dc5b1426fbc7a7a7ca156747e48","aee12dc5b1426fbc7a7a7ca156747e48","0","1.0","0","1","aee12dc5b1426fbc7a7a7ca156747e48","0","1","1.0","1","false","0","aee12dc5b1426fbc7a7a7ca156747e48","0","0.0","0"
"5504.908554572278","1.5","0.0","0.6666666666666666","0.0","1","2","false","4aaba5b03fa8e038a2e398d2bd2d44be","4aaba5b03fa8e038a2e398d2bd2d44be","0","2.0","0","1","4aaba5b03fa8e038a2e398d2bd2d44be","0","1","0.75","6","false","0","4aaba5b03fa8e038a2e398d2bd2d44be","0","0.0","0"
"422.347985347985","1.4","0.0","0.7142857142857143","1.0","3","2","false","1eaacda2c1e4d8e5d96c1f0aa076b557","1eaacda2c1e4d8e5d96c1f0aa076b557","0","3.6666666666666665","0","3","1eaacda2c1e4d8e5d96c1f0aa076b557","0","3","0.9199999999999999","1","false","0","1eaacda2c1e4d8e5d96c1f0aa076b557","0","0.7333333333333333","0"
"21.268","12.767045454545455","0.011363636363636364","0.0783266577659101","0.0","2","29","false","b1a302df3637fb53e4cbfe5dfc388d28","b1a302df3637fb53e4cbfe5dfc388d28","0","2.0","0","2","b1a302df3637fb53e4cbfe5dfc388d28","0","2","-0.06973140495867773","2","false","0","b1a302df3637fb53e4cbfe5dfc388d28","241440","0.5","0"
"11.97651663405088","13.761363636363637","0.0","0.0726672171758877","0.0","1","30","false","7d4d3cc845d4ed45534c3a10b40fecff","7d4d3cc845d4ed45534c3a10b40fecff","0","2.0","0","1","7d4d3cc845d4ed45534c3a10b40fecff","0","1","-0.16012396694214878","3","false","0","7d4d3cc845d4ed45534c3a10b40fecff","0","0.0","0"
"85.67","13.4375","0.0","0.07441860465116279","0.0","1","24","false","46939c2c5dc9a9df9bb165340ce2a479","46939c2c5dc9a9df9bb165340ce2a479","0","4.0","0","1","46939c2c5dc9a9df9bb165340ce2a479","0","1","-0.13068181818181818","2","false","0","46939c2c5dc9a9df9bb165340ce2a479","0","0.0","0"
"196.81684981685018","2.2","0.0","0.45454545454545453","1.0","2","4","false","46d68aa1b6928f50cc9c7e1a16e9d1d2","46d68aa1b6928f50cc9c7e1a16e9d1d2","0","2.5","0","2","46d68aa1b6928f50cc9c7e1a16e9d1d2","0","2","0.6","3","false","0","46d68aa1b6928f50cc9c7e1a16e9d1d2","0","0.8333333333333334","0"
"100.575862068966","9.244318181818182","0.21636363636363637","0.10817455439459127","0.6666666666666666","3","17","false","fc5bb10614bb91ca4646b54e8fe1b94a","fc5bb10614bb91ca4646b54e8fe1b94a","0","4.0","0","3","fc5bb10614bb91ca4646b54e8fe1b94a","0","3","0.2505165289256199","1","false","0","fc5bb10614bb91ca4646b54e8fe1b94a","7670166","0.5","0"
"1614.0186915887846","12.375","3.246753246753247E-5","0.08080808080808081","0.0","2","22","false","1b43386495b2a26507deb30c8ef54f17","1b43386495b2a26507deb30c8ef54f17","0","2.0","0","2","1b43386495b2a26507deb30c8ef54f17","0","2","-0.03409090909090909","3","false","0","1b43386495b2a26507deb30c8ef54f17","2","1.0","0"
"570.7655677655672","1.6","0.6000000000000001","0.625","0.3333333333333333","3","3","false","5cb60ad36c4080e6d1935229303546a0","5cb60ad36c4080e6d1935229303546a0","0","2.0","0","3","5cb60ad36c4080e6d1935229303546a0","0","3","0.7999999999999999","5","false","0","5cb60ad36c4080e6d1935229303546a0","12","0.5555555555555556","0"
"569.6961651917409","2.2","0.0","0.45454545454545453","1.0","2","4","false","ac3c33bd2c658527fecdf4c97bb32820","ac3c33bd2c658527fecdf4c97bb32820","0","2.5","0","2","ac3c33bd2c658527fecdf4c97bb32820","0","2","0.6","6","false","0","ac3c33bd2c658527fecdf4c97bb32820","0","0.8333333333333334","0"
"2560.9","10.505681818181818","1.0822510822510823E-5","0.09518658734451055","0.6666666666666666","3","20","false","1a064227b9fe7c9d6f887196531fa2c6","1a064227b9fe7c9d6f887196531fa2c6","0","5.0","0","3","1a064227b9fe7c9d6f887196531fa2c6","0","3","0.1358471074380165","1","false","0","1a064227b9fe7c9d6f887196531fa2c6","2","0.7142857142857143","0"
"842.9622222222221","9.346590909090908","0.005454545454545455","0.10699088145896657","0.3333333333333333","3","23","false","81d98a9bf9cba1359f037773a25c5036","81d98a9bf9cba1359f037773a25c5036","0","4.333333333333333","0","3","81d98a9bf9cba1359f037773a25c5036","0","3","0.24121900826446288","2","false","0","81d98a9bf9cba1359f037773a25c5036","3632","0.6666666666666666","0"
"22.159375","15.488636363636363","0.011363636363636364","0.06456346294937637","0.0","2","32","false","daa1fabc5970f996efa1568a9628b5e2","daa1fabc5970f996efa1568a9628b5e2","0","2.0","0","2","daa1fabc5970f996efa1568a9628b5e2","0","2","-0.3171487603305785","1","false","0","daa1fabc5970f996efa1568a9628b5e2","964534","0.5","0"
"18.40384615384614","16.482954545454547","0.0","0.060668734918993446","0.0","1","33","false","d0aa73aec7cd414e25e1cb096d168444","d0aa73aec7cd414e25e1cb096d168444","0","2.0","0","1","d0aa73aec7cd414e25e1cb096d168444","0","1","-0.4075413223140497","2","false","0","d0aa73aec7cd414e25e1cb096d168444","0","0.0","0"
"5.48132780082988","2.375","0.0","0.42105263157894735","1.0","3","4","false","f32aa925d5abf7752f9f070117a322ff","f32aa925d5abf7752f9f070117a322ff","0","3.3333333333333335","0","3","f32aa925d5abf7752f9f070117a322ff","0","3","0.65625","1","false","0","f32aa925d5abf7752f9f070117a322ff","0","0.8333333333333334","0"
"355.855","8.380681818181818","0.2572402597402594","0.11932203389830508","0.4","5","22","false","8155048993a7fb673fbd5718becffe57","8155048993a7fb673fbd5718becffe57","0","4.0","0","5","8155048993a7fb673fbd5718becffe57","0","5","0.3290289256198347","1","false","0","8155048993a7fb673fbd5718becffe57","7738850","0.36363636363636365","0"
"22.73260073260078","12.664772727272727","0.0","0.07895917451772096","1.0","2","29","false","d57604d239c3346fba32829ab5a17488","d57604d239c3346fba32829ab5a17488","0","5.0","0","2","d57604d239c3346fba32829ab5a17488","0","2","-0.060433884297520606","2","false","0","d57604d239c3346fba32829ab5a17488","0","1.0","0"
"4918.2431372549045","11.392045454545455","0.00564935064935065","0.08778054862842892","0.0","2","21","false","c109de3877a66ed4894fb49ff8cc6722","c109de3877a66ed4894fb49ff8cc6722","0","3.0","0","2","c109de3877a66ed4894fb49ff8cc6722","0","2","0.05526859504132227","2","false","0","c109de3877a66ed4894fb49ff8cc6722","27810","0.6666666666666666","0"
"3.12414733969986","14.403409090909092","0.0","0.06942800788954635","1.0","2","25","false","13c532c51be492878ed664d4c9079abc","13c532c51be492878ed664d4c9079abc","0","2.5","0","2","13c532c51be492878ed664d4c9079abc","0","2","-0.21849173553719015","1","false","0","13c532c51be492878ed664d4c9079abc","0","0.8333333333333334","0"
"17.28","1.0","0.0","1.0","0.0","1","1","false","52fa8729b21fa7c1ae73f7372b9fac62","52fa8729b21fa7c1ae73f7372b9fac62","0","1.0","0","1","52fa8729b21fa7c1ae73f7372b9fac62","0","1","1.0","3","false","0","52fa8729b21fa7c1ae73f7372b9fac62","0","0.0","0"
"47.07853403141362","1.0","0.0","1.0","0.0","1","1","false","f1bb75ee4ea613b0f412707d6ae13919","f1bb75ee4ea613b0f412707d6ae13919","0","1.0","0","1","f1bb75ee4ea613b0f412707d6ae13919","0","1","1.0","3","false","0","f1bb75ee4ea613b0f412707d6ae13919","0","0.0","0"
"2094.894444444444","2.8","0.0","0.35714285714285715","0.0","1","4","false","53b0b695f0c9a01b18f142a2fd878b4f","53b0b695f0c9a01b18f142a2fd878b4f","0","2.0","0","1","53b0b695f0c9a01b18f142a2fd878b4f","0","1","0.4000000000000001","11","false","0","53b0b695f0c9a01b18f142a2fd878b4f","0","0.0","0"
"12964.670000000006","1.8571428571428572","0.0","0.5384615384615384","1.0","3","3","false","aa5843fdfc6cff8ec42d841942e269ca","aa5843fdfc6cff8ec42d841942e269ca","0","5.0","0","3","aa5843fdfc6cff8ec42d841942e269ca","0","3","0.8571428571428571","64","false","0","aa5843fdfc6cff8ec42d841942e269ca","0","1.0","0"
"400450.62758620695","1.2857142857142858","0.0634920634920635","0.7777777777777777","0.8","5","2","false","eca0fdbd027ad8f750dac59ab54ccaad","eca0fdbd027ad8f750dac59ab54ccaad","1","4.6","0","5","eca0fdbd027ad8f750dac59ab54ccaad","0","4","0.9523809523809524","108","false","0","eca0fdbd027ad8f750dac59ab54ccaad","8","0.6571428571428571","0"
"255.9064039408869","15.5","0.0","0.06451612903225806","0.0","1","32","false","301da01c748fad9736ace9979c4b4bf2","301da01c748fad9736ace9979c4b4bf2","0","6.0","0","1","301da01c748fad9736ace9979c4b4bf2","0","1","-0.3181818181818182","3","false","0","301da01c748fad9736ace9979c4b4bf2","0","0.0","0"
"428.8246268656715","8.482954545454545","0.49636363636363634","0.11788345612860014","0.3333333333333333","3","23","false","f45443b195cebad9399c3af1168f391a","f45443b195cebad9399c3af1168f391a","0","6.0","0","3","f45443b195cebad9399c3af1168f391a","0","3","0.31973140495867775","2","false","0","f45443b195cebad9399c3af1168f391a","15309104","0.4722222222222222","0"
"47.443014705882405","9.551136363636363","0.0","0.10469958358120167","1.0","4","19","false","30a8fac2ccac130502241563e19d75eb","30a8fac2ccac130502241563e19d75eb","0","9.0","0","4","30a8fac2ccac130502241563e19d75eb","0","4","0.22262396694214878","2","false","0","30a8fac2ccac130502241563e19d75eb","0","1.0","0"
"188.454901960784","1.0","0.0","1.0","0.0","1","1","false","0fd3c82a114571adede4dcecb363f8fb","0fd3c82a114571adede4dcecb363f8fb","0","1.0","0","1","0fd3c82a114571adede4dcecb363f8fb","0","1","1.0","1","false","0","0fd3c82a114571adede4dcecb363f8fb","0","0.0","0"
"314.357224118316","1.0","0.0","1.0","0.0","1","1","false","683d9a247a82fc6ffc49e211ff862b19","683d9a247a82fc6ffc49e211ff862b19","0","1.0","0","1","683d9a247a82fc6ffc49e211ff862b19","0","1","1.0","1","false","0","683d9a247a82fc6ffc49e211ff862b19","0","0.0","0"
"716.6366197183098","9.409090909090908","0.0","0.10628019323671499","0.0","1","20","false","08e153dc788176a813a3ebb7cd25069d","08e153dc788176a813a3ebb7cd25069d","0","11.0","0","1","08e153dc788176a813a3ebb7cd25069d","0","1","0.2355371900826447","3","false","0","08e153dc788176a813a3ebb7cd25069d","0","0.0","0"
"39.8502202643172","11.965909090909092","0.0","0.0835707502374169","0.0","1","28","false","dd8e42ae13b1a9dd7135cee32a1b6ef1","dd8e42ae13b1a9dd7135cee32a1b6ef1","0","5.0","0","1","dd8e42ae13b1a9dd7135cee32a1b6ef1","0","1","0.003099173553718935","3","false","0","dd8e42ae13b1a9dd7135cee32a1b6ef1","0","0.0","0"
"200.186046511628","10.505681818181818","1.0822510822510823E-5","0.09518658734451055","0.6666666666666666","3","20","false","7f0190236ce9554bc96beef5e838184c","7f0190236ce9554bc96beef5e838184c","0","5.0","0","3","7f0190236ce9554bc96beef5e838184c","0","3","0.1358471074380165","1","false","0","7f0190236ce9554bc96beef5e838184c","2","0.7142857142857143","0"
"10.34368932038834","11.4375","0.2992207792207792","0.08743169398907104","0.0","2","22","false","8c8fc997e04edeb84a7c9e2c1ff61041","8c8fc997e04edeb84a7c9e2c1ff61041","0","4.5","0","2","8c8fc997e04edeb84a7c9e2c1ff61041","0","2","0.05113636363636364","2","false","0","8c8fc997e04edeb84a7c9e2c1ff61041","14194626","0.5","0"
"12.3156342182891","15.448863636363637","0.011266233766233766","0.06472968002942259","0.5","4","32","false","29085fbb82e18ff1c789e9f237dce1db","29085fbb82e18ff1c789e9f237dce1db","0","3.5","0","4","29085fbb82e18ff1c789e9f237dce1db","0","4","-0.3135330578512397","1","false","0","29085fbb82e18ff1c789e9f237dce1db","557110","0.4375","0"
"22.42998352553545","16.4375","0.0","0.060836501901140684","1.0","2","33","false","8d7217c3c4f48e2638f982249dc9d5ba","8d7217c3c4f48e2638f982249dc9d5ba","0","4.0","0","2","8d7217c3c4f48e2638f982249dc9d5ba","0","2","-0.4034090909090909","2","false","0","8d7217c3c4f48e2638f982249dc9d5ba","0","1.0","0"
"369245.34","1.0","0.0","1.0","0.0","1","1","false","bf645dd9cbf4173070c495585b4904c7","bf645dd9cbf4173070c495585b4904c7","0","1.0","0","1","bf645dd9cbf4173070c495585b4904c7","0","1","1.0","96","false","0","bf645dd9cbf4173070c495585b4904c7","0","0.0","0"
"10955.755186722","1.0","0.0","1.0","0.0","1","1","false","346b428e5eed31e4d84bba059ce83ebd","346b428e5eed31e4d84bba059ce83ebd","0","1.0","0","1","346b428e5eed31e4d84bba059ce83ebd","0","1","1.0","57","false","0","346b428e5eed31e4d84bba059ce83ebd","0","0.0","0"
"3.3785046728972","11.863636363636363","0.0","0.0842911877394636","1.0","3","28","false","2a84b1a0f0f7a495aff9fb79a66e7c69","2a84b1a0f0f7a495aff9fb79a66e7c69","0","5.333333333333333","0","3","2a84b1a0f0f7a495aff9fb79a66e7c69","0","3","0.012396694214876063","1","false","0","2a84b1a0f0f7a495aff9fb79a66e7c69","0","0.5333333333333333","0"
"44.040084388185704","13.039772727272727","0.025692640692640805","0.0766884531590414","0.0","2","24","false","5df1f0d156ada02c9de28a70ff4b9e50","5df1f0d156ada02c9de28a70ff4b9e50","0","4.0","0","2","5df1f0d156ada02c9de28a70ff4b9e50","0","2","-0.09452479338842969","2","false","0","5df1f0d156ada02c9de28a70ff4b9e50","136190","0.5","0"
"2023.5699999999997","1.0","0.0","1.0","0.0","1","1","false","892e496dcd8762ce84c3e337a2507a8e","892e496dcd8762ce84c3e337a2507a8e","0","1.0","0","1","892e496dcd8762ce84c3e337a2507a8e","0","1","1.0","14","false","0","892e496dcd8762ce84c3e337a2507a8e","0","0.0","0"
"10412.11","1.0","0.0","1.0","0.0","1","1","false","b8205a9d2b3e553e0e5b9cc01dae8840","b8205a9d2b3e553e0e5b9cc01dae8840","0","1.0","0","1","b8205a9d2b3e553e0e5b9cc01dae8840","0","1","1.0","16","false","0","b8205a9d2b3e553e0e5b9cc01dae8840","0","0.0","0"
"5.19557195571956","1.0","0.0","1.0","1.0","2","1","false","8aed8522fc58c26080d37dddaac682ac","8aed8522fc58c26080d37dddaac682ac","0","2.0","0","2","8aed8522fc58c26080d37dddaac682ac","0","2","1.0","1","false","0","8aed8522fc58c26080d37dddaac682ac","0","1.0","0"
"37.985294117647086","14.022727272727273","0.0","0.0713128038897893","0.0","1","25","false","62392473237243624be2ddadc9aa3d9a","62392473237243624be2ddadc9aa3d9a","0","4.0","0","1","62392473237243624be2ddadc9aa3d9a","0","1","-0.1838842975206612","3","false","0","62392473237243624be2ddadc9aa3d9a","0","0.0","0"
"17.09","1.0","0.0","1.0","0.0","1","1","false","cf2d72597e87d44ef5616e5a9c4543c7","cf2d72597e87d44ef5616e5a9c4543c7","0","1.0","0","1","cf2d72597e87d44ef5616e5a9c4543c7","0","1","1.0","2","false","0","cf2d72597e87d44ef5616e5a9c4543c7","0","0.0","0"
"3.21794871794872","1.0","0.0","1.0","0.0","1","1","false","ffa5730aee850cbf1a9c5c83b14e2a62","ffa5730aee850cbf1a9c5c83b14e2a62","0","1.0","0","1","ffa5730aee850cbf1a9c5c83b14e2a62","0","1","1.0","1","false","0","ffa5730aee850cbf1a9c5c83b14e2a62","0","0.0","0"
"4.86965811965812","1.0","0.0","1.0","0.0","1","1","false","265ad91f5c79dfdc85429ecc344c8cd0","265ad91f5c79dfdc85429ecc344c8cd0","0","1.0","0","1","265ad91f5c79dfdc85429ecc344c8cd0","0","1","1.0","1","false","0","265ad91f5c79dfdc85429ecc344c8cd0","0","0.0","0"
"17.23384615384617","1.0","0.0","1.0","0.0","1","1","false","eca6e1fd5ce868270a42bd2f3cb30114","eca6e1fd5ce868270a42bd2f3cb30114","0","1.0","0","1","eca6e1fd5ce868270a42bd2f3cb30114","0","1","1.0","2","false","0","eca6e1fd5ce868270a42bd2f3cb30114","0","0.0","0"
"1305.984126984127","9.323863636363637","0.0","0.10725167580743449","1.0","3","21","false","90e8296909d2ed0f7f470870ae75f83f","90e8296909d2ed0f7f470870ae75f83f","0","6.0","0","3","90e8296909d2ed0f7f470870ae75f83f","0","3","0.24328512396694213","2","false","0","90e8296909d2ed0f7f470870ae75f83f","0","1.0","0"
"66.91455696202536","1.0","0.0","1.0","0.0","1","1","false","2787b20896064a0794c37a1d3d780dbd","2787b20896064a0794c37a1d3d780dbd","0","1.0","0","1","2787b20896064a0794c37a1d3d780dbd","0","1","1.0","4","false","0","2787b20896064a0794c37a1d3d780dbd","0","0.0","0"
"149.6738197424892","1.0","0.0","1.0","0.0","1","1","false","e1ed0e5b2faf4eab90d6940d8b593e55","e1ed0e5b2faf4eab90d6940d8b593e55","0","1.0","0","1","e1ed0e5b2faf4eab90d6940d8b593e55","0","1","1.0","4","false","0","e1ed0e5b2faf4eab90d6940d8b593e55","0","0.0","0"
"165083.51034482743","2.0","0.0","0.5","0.0","1","3","false","1cc26aa1f35ba2be847b6dd84b6fdfc7","1cc26aa1f35ba2be847b6dd84b6fdfc7","1","6.0","0","1","1cc26aa1f35ba2be847b6dd84b6fdfc7","0","0","0.8333333333333334","95","false","0","1cc26aa1f35ba2be847b6dd84b6fdfc7","0","0.0","0"
"8.862","1.75","0.5357142857142857","0.5714285714285714","0.5","4","3","false","4d6740c6ede3be43c9b16838853fa49d","4d6740c6ede3be43c9b16838853fa49d","0","3.0","0","4","4d6740c6ede3be43c9b16838853fa49d","0","4","0.8125","2","false","0","4d6740c6ede3be43c9b16838853fa49d","30","0.55","0"
"752.3482905982902","19.982954545454547","0.0","0.05004264998578333","1.0","2","32","false","092a1704b61349282d63d508013b5259","092a1704b61349282d63d508013b5259","0","4.0","0","2","092a1704b61349282d63d508013b5259","0","2","-0.7257231404958678","2","false","0","092a1704b61349282d63d508013b5259","0","1.0","0"
"129277.3588039868","1.0","1.0","1.0","0.0","2","1","false","7e78b6afa0e3d0d0bdd033f905afa416","7e78b6afa0e3d0d0bdd033f905afa416","0","1.0","0","2","7e78b6afa0e3d0d0bdd033f905afa416","0","2","1.0","51","false","0","7e78b6afa0e3d0d0bdd033f905afa416","2","0.0","0"
"50056.49833887046","1.5","0.0","0.6666666666666666","0.0","1","2","false","afd8e122573cedf337d0ec67f290ec48","afd8e122573cedf337d0ec67f290ec48","0","2.0","0","1","afd8e122573cedf337d0ec67f290ec48","0","1","0.75","48","false","0","afd8e122573cedf337d0ec67f290ec48","0","0.0","0"
"52.914285714285796","14.982954545454545","0.0","0.06674251042851725","0.0","1","26","false","7aaeb845b17758f7d54176a4dd8c6416","7aaeb845b17758f7d54176a4dd8c6416","0","3.0","0","1","7aaeb845b17758f7d54176a4dd8c6416","0","1","-0.2711776859504132","2","false","0","7aaeb845b17758f7d54176a4dd8c6416","0","0.0","0"
"20.1344537815126","13.551136363636363","0.021672077922077922","0.07379454926624739","0.8","6","30","false","2f915f637be698771e432076a6160f90","2f915f637be698771e432076a6160f90","0","6.0","0","6","2f915f637be698771e432076a6160f90","0","6","-0.14101239669421484","1","false","0","2f915f637be698771e432076a6160f90","696342","0.5","0"
"5.3728813559322","18.994318181818183","0.01681818181818182","0.05264732276398444","0.5","4","31","false","def1bab375c5204be046b9f93e26f22b","def1bab375c5204be046b9f93e26f22b","0","3.25","0","4","def1bab375c5204be046b9f93e26f22b","0","4","-0.6358471074380166","1","false","0","def1bab375c5204be046b9f93e26f22b","3226894","0.4642857142857143","0"
"1057.309090909091","9.409090909090908","0.0","0.10628019323671499","0.0","1","20","false","309fa0b01268a06282fa95da7f1a7a39","309fa0b01268a06282fa95da7f1a7a39","0","11.0","0","1","309fa0b01268a06282fa95da7f1a7a39","0","1","0.2355371900826447","4","false","0","309fa0b01268a06282fa95da7f1a7a39","0","0.0","0"
"34388.611428571436","1.0","0.0","1.0","0.0","1","1","false","070cc7cefe482682f056e340a569c569","070cc7cefe482682f056e340a569c569","0","1.0","0","1","070cc7cefe482682f056e340a569c569","0","1","1.0","24","false","0","070cc7cefe482682f056e340a569c569","0","0.0","0"
"29483.757142857106","1.0","0.0","1.0","0.0","1","1","false","243c1b130a6c6d340907c792e4220612","243c1b130a6c6d340907c792e4220612","0","1.0","0","1","243c1b130a6c6d340907c792e4220612","0","1","1.0","18","false","0","243c1b130a6c6d340907c792e4220612","0","0.0","0"
"64.51515151515153","18.039772727272727","0.05551948051948052","0.055433070866141736","0.3333333333333333","4","30","false","bfa14b56b9165969d4de03e67a1081bc","bfa14b56b9165969d4de03e67a1081bc","0","4.0","0","4","bfa14b56b9165969d4de03e67a1081bc","0","4","-0.5490702479338843","2","false","0","bfa14b56b9165969d4de03e67a1081bc","8605024","0.5","0"
"29179.0","1.0","0.0","1.0","0.0","1","1","false","1505b84af471a4e8709b0b4ac93b965a","1505b84af471a4e8709b0b4ac93b965a","0","1.0","0","1","1505b84af471a4e8709b0b4ac93b965a","0","1","1.0","1","false","0","1505b84af471a4e8709b0b4ac93b965a","0","0.0","0"
"395.6043956043959","1.0","0.0","1.0","0.0","1","1","false","b018a949cf44b7eee820e29d738aeac0","b018a949cf44b7eee820e29d738aeac0","0","1.0","0","1","b018a949cf44b7eee820e29d738aeac0","0","1","1.0","2","false","0","b018a949cf44b7eee820e29d738aeac0","0","0.0","0"
"15.625","14.482954545454545","0.044675324675324674","0.06904668497449981","0.4666666666666667","6","31","false","9f740055ada55d16eecc27a1ee8b444f","9f740055ada55d16eecc27a1ee8b444f","0","5.333333333333333","0","6","9f740055ada55d16eecc27a1ee8b444f","0","6","-0.22572314049586772","2","false","0","9f740055ada55d16eecc27a1ee8b444f","1671312","0.5333333333333333","0"
"4.54613935969868","18.994318181818183","0.01681818181818182","0.05264732276398444","0.5","4","31","false","54f068ce18bd8f43136be37f5730efd5","54f068ce18bd8f43136be37f5730efd5","0","3.25","0","4","54f068ce18bd8f43136be37f5730efd5","0","4","-0.6358471074380166","1","false","0","54f068ce18bd8f43136be37f5730efd5","3226894","0.4642857142857143","0"
"8292.0","1.0","0.0","1.0","1.0","2","1","false","217ac2d08156061400d24f83051e2b44","217ac2d08156061400d24f83051e2b44","0","2.0","0","2","217ac2d08156061400d24f83051e2b44","0","2","1.0","1","false","0","217ac2d08156061400d24f83051e2b44","0","1.0","0"
"117.3198924731183","13.244318181818182","0.011363636363636364","0.07550407550407551","0.5","4","29","false","2c769814018b8bf827b818a4e90a2ec9","2c769814018b8bf827b818a4e90a2ec9","0","3.25","0","4","2c769814018b8bf827b818a4e90a2ec9","0","4","-0.11311983471074379","2","false","0","2c769814018b8bf827b818a4e90a2ec9","314364","0.75","0"
"22.55772994129154","9.585227272727273","0.011363636363636364","0.10432720806164789","0.0","2","25","false","fed073d21bb635bba928836ea9b46d9c","fed073d21bb635bba928836ea9b46d9c","0","4.5","0","2","fed073d21bb635bba928836ea9b46d9c","0","2","0.2195247933884297","2","false","0","fed073d21bb635bba928836ea9b46d9c","34992","0.5","0"
"161.1409001956949","10.579545454545455","0.0","0.0945220193340494","0.0","1","26","false","595b744c176043dd16671931b902bcf5","595b744c176043dd16671931b902bcf5","0","2.0","0","1","595b744c176043dd16671931b902bcf5","0","1","0.12913223140495864","4","false","0","595b744c176043dd16671931b902bcf5","0","0.0","0"
"20441.673076923093","11.392045454545455","0.00564935064935065","0.08778054862842892","0.0","2","21","false","7d2af5620df87d6220d56557948c6fd6","7d2af5620df87d6220d56557948c6fd6","0","3.0","0","2","7d2af5620df87d6220d56557948c6fd6","0","2","0.05526859504132227","2","false","0","7d2af5620df87d6220d56557948c6fd6","27810","0.6666666666666666","0"
"72.3153153153153","16.181818181818183","0.0","0.061797752808988755","0.0","1","27","false","152e62f8cbe2e4ad0ae3f2444002e22f","152e62f8cbe2e4ad0ae3f2444002e22f","0","3.0","0","1","152e62f8cbe2e4ad0ae3f2444002e22f","0","1","-0.38016528925619847","1","false","0","152e62f8cbe2e4ad0ae3f2444002e22f","0","0.0","0"
"252.917647058824","10.409090909090908","0.055941558441558445","0.09606986899563319","0.0","4","20","false","605f101062cc7a55935a12622488db84","605f101062cc7a55935a12622488db84","0","3.0","0","4","605f101062cc7a55935a12622488db84","0","4","0.1446280991735538","1","false","0","605f101062cc7a55935a12622488db84","166842","0.2857142857142857","0"
"1827.7721518987319","11.392045454545455","0.011363636363636364","0.08778054862842892","0.0","2","21","false","a8f6a9cad7134de432e86eb98b7007ad","a8f6a9cad7134de432e86eb98b7007ad","0","2.5","0","2","a8f6a9cad7134de432e86eb98b7007ad","0","2","0.05526859504132227","2","false","0","a8f6a9cad7134de432e86eb98b7007ad","27814","0.5","0"
"987.8618618618606","2.0","0.4","0.5","0.0","2","3","false","57949cc873749b9f6c738cd1ece2eb81","57949cc873749b9f6c738cd1ece2eb81","0","1.5","0","2","57949cc873749b9f6c738cd1ece2eb81","0","2","0.6666666666666666","8","false","0","57949cc873749b9f6c738cd1ece2eb81","8","0.5","0"
"3449.753333333333","1.6","0.6000000000000001","0.625","0.0","2","2","false","e3b2b99e11fec1dc60332781256a6550","e3b2b99e11fec1dc60332781256a6550","0","2.5","0","2","e3b2b99e11fec1dc60332781256a6550","0","2","0.7999999999999999","7","false","0","e3b2b99e11fec1dc60332781256a6550","12","0.5","0"
"224.944554455445","9.528409090909092","0.011233766233766233","0.10494931425163982","0.4666666666666667","6","19","false","8aac2e19e2f2c2a49c9bad2ac3481a03","8aac2e19e2f2c2a49c9bad2ac3481a03","0","7.0","0","6","8aac2e19e2f2c2a49c9bad2ac3481a03","0","6","0.22469008264462803","2","false","0","8aac2e19e2f2c2a49c9bad2ac3481a03","55648","0.6363636363636364","0"
"11.9833333333333","1.6","0.0","0.625","1.0","2","2","false","026b137ceb23fadad8d4917352470ce9","026b137ceb23fadad8d4917352470ce9","0","3.5","0","2","026b137ceb23fadad8d4917352470ce9","0","2","0.8800000000000001","1","false","0","026b137ceb23fadad8d4917352470ce9","0","0.7","0"
"16.6458333333333","1.6","0.0","0.625","1.0","2","2","false","28dbc5b9f41a5772d2dfa9feaf492a5c","28dbc5b9f41a5772d2dfa9feaf492a5c","0","3.5","0","2","28dbc5b9f41a5772d2dfa9feaf492a5c","0","2","0.8800000000000001","1","false","0","28dbc5b9f41a5772d2dfa9feaf492a5c","0","0.7","0"
"351.25","2.0","0.42857142857142855","0.5","0.3333333333333333","3","3","false","3ed132e6b27f7fc878d38ee5cc948ee4","3ed132e6b27f7fc878d38ee5cc948ee4","0","2.3333333333333335","0","3","3ed132e6b27f7fc878d38ee5cc948ee4","0","3","0.75","2","false","0","3ed132e6b27f7fc878d38ee5cc948ee4","24","0.5","0"
"33.7345679012346","14.454545454545455","0.042077922077922075","0.06918238993710692","0.6","5","26","false","9a2a1ec75e13bc6a45acb1b480af883f","9a2a1ec75e13bc6a45acb1b480af883f","0","5.6","0","5","9a2a1ec75e13bc6a45acb1b480af883f","0","5","-0.22314049586776863","2","false","0","9a2a1ec75e13bc6a45acb1b480af883f","4302336","0.6222222222222222","0"
"20.96618357487926","9.573863636363637","0.0225974025974026","0.10445103857566765","0.0","2","25","false","ea1df1ef824a478d87637bf72c05981e","ea1df1ef824a478d87637bf72c05981e","0","5.0","0","2","ea1df1ef824a478d87637bf72c05981e","0","2","0.2205578512396694","2","false","0","ea1df1ef824a478d87637bf72c05981e","69980","0.5","0"
"3.94871794871795","3.4444444444444446","0.0","0.29032258064516125","1.0","2","6","false","c95d50c927aeb8620e1370028306fb44","c95d50c927aeb8620e1370028306fb44","0","2.5","0","2","c95d50c927aeb8620e1370028306fb44","0","2","0.18518518518518512","1","false","0","c95d50c927aeb8620e1370028306fb44","0","0.8333333333333334","0"
"14.84067796610169","13.414772727272727","0.0225974025974026","0.0745446844557391","0.3333333333333333","3","24","false","f3dbf75c36c6474136bbbc5ce46b565b","f3dbf75c36c6474136bbbc5ce46b565b","0","2.6666666666666665","0","3","f3dbf75c36c6474136bbbc5ce46b565b","0","3","-0.1286157024793388","2","false","0","f3dbf75c36c6474136bbbc5ce46b565b","90816","0.4666666666666667","0"
"9.54285714285714","12.443181818181818","0.15987012987012986","0.08036529680365297","0.0","4","23","false","a5143ab1d2d5621d095cc650aaff7e31","a5143ab1d2d5621d095cc650aaff7e31","0","2.0","0","4","a5143ab1d2d5621d095cc650aaff7e31","0","4","-0.04028925619834712","1","false","0","a5143ab1d2d5621d095cc650aaff7e31","771536","0.25","0"
"17.5269709543568","1.0","0.0","1.0","1.0","2","1","false","2b738efa3710b37f8d6d9a72ca8447e0","2b738efa3710b37f8d6d9a72ca8447e0","0","2.0","0","2","2b738efa3710b37f8d6d9a72ca8447e0","0","2","1.0","1","false","0","2b738efa3710b37f8d6d9a72ca8447e0","0","1.0","0"
"13.9405940594059","1.0","0.0","1.0","1.0","2","1","false","87326089362b8b3da329be46f8fe8307","87326089362b8b3da329be46f8fe8307","0","2.0","0","2","87326089362b8b3da329be46f8fe8307","0","2","1.0","1","false","0","87326089362b8b3da329be46f8fe8307","0","1.0","0"
"6.0994623655914","15.3125","0.05358441558441559","0.0653061224489796","0.6","5","27","false","7ad9a74865fd25d68c926218465708ef","7ad9a74865fd25d68c926218465708ef","0","5.0","0","5","7ad9a74865fd25d68c926218465708ef","0","5","-0.30113636363636365","1","false","0","7ad9a74865fd25d68c926218465708ef","6184748","0.5555555555555556","0"
"53.1771428571429","15.5","0.0","0.06451612903225806","0.0","1","32","false","51fbe8773f78d42f7a056b5a1ca0c1d2","51fbe8773f78d42f7a056b5a1ca0c1d2","0","6.0","0","1","51fbe8773f78d42f7a056b5a1ca0c1d2","0","1","-0.3181818181818182","1","false","0","51fbe8773f78d42f7a056b5a1ca0c1d2","0","0.0","0"
"49.17543859649121","1.6666666666666667","0.0","0.6","0.0","1","2","false","d1185a73a382eef7e3df1d327b25fc8d","d1185a73a382eef7e3df1d327b25fc8d","0","3.0","0","1","d1185a73a382eef7e3df1d327b25fc8d","0","1","0.7777777777777777","5","false","0","d1185a73a382eef7e3df1d327b25fc8d","0","0.0","0"
"272.950980392157","2.4444444444444446","0.5","0.40909090909090906","0.0","2","4","false","363dfdce5b189ae5c99acf4962002b95","363dfdce5b189ae5c99acf4962002b95","0","2.5","0","2","363dfdce5b189ae5c99acf4962002b95","0","2","0.5185185185185185","1","false","0","363dfdce5b189ae5c99acf4962002b95","36","0.5","0"
"53.1904761904762","10.170454545454545","0.1846753246753247","0.09832402234636872","0.0","2","26","false","03a533c87ed1b0a0fbae13482427dd15","03a533c87ed1b0a0fbae13482427dd15","0","3.5","0","2","03a533c87ed1b0a0fbae13482427dd15","0","2","0.16632231404958683","1","false","0","03a533c87ed1b0a0fbae13482427dd15","3306380","0.5","0"
"59.4117647058824","9.380681818181818","0.1937012987012987","0.10660205935796487","0.0","2","25","false","07e37d6e6c8bff6299f270964bc042b4","07e37d6e6c8bff6299f270964bc042b4","0","5.0","0","2","07e37d6e6c8bff6299f270964bc042b4","0","2","0.2381198347107438","2","false","0","07e37d6e6c8bff6299f270964bc042b4","3340992","0.5","0"
"8.27714285714285","10.392045454545455","0.4187012987012987","0.09622744669218151","0.0","2","20","false","bebef01b2757dd016458caff5044f53b","bebef01b2757dd016458caff5044f53b","0","3.5","0","2","bebef01b2757dd016458caff5044f53b","0","2","0.14617768595041317","2","false","0","bebef01b2757dd016458caff5044f53b","15164826","0.5","0"
"154.752427184466","1.25","0.8333333333333333","0.8","0.0","3","2","false","260dc91ce2fd6949337fcdc3f00364d9","260dc91ce2fd6949337fcdc3f00364d9","0","1.3333333333333333","0","3","260dc91ce2fd6949337fcdc3f00364d9","0","3","0.9166666666666666","1","false","0","260dc91ce2fd6949337fcdc3f00364d9","10","0.3333333333333333","0"
"24.48","2.0","0.0","0.5","0.0","1","3","false","f08be4791b218d249cc19adb3d362756","f08be4791b218d249cc19adb3d362756","0","3.0","0","1","f08be4791b218d249cc19adb3d362756","0","1","0.6666666666666666","2","false","0","f08be4791b218d249cc19adb3d362756","0","0.0","0"
"86.44","1.3333333333333333","0.6666666666666666","0.75","0.0","2","2","false","09c7eaf574b4e5a669e167762dc58d1a","09c7eaf574b4e5a669e167762dc58d1a","0","1.5","0","2","09c7eaf574b4e5a669e167762dc58d1a","0","2","0.8333333333333334","2","false","0","09c7eaf574b4e5a669e167762dc58d1a","4","0.5","0"
"3.01354401805869","1.3333333333333333","0.6666666666666666","0.75","0.0","2","2","false","396f30095c0a238eadfd183de45c6e0f","396f30095c0a238eadfd183de45c6e0f","0","1.5","0","2","396f30095c0a238eadfd183de45c6e0f","0","2","0.8333333333333334","1","false","0","396f30095c0a238eadfd183de45c6e0f","4","0.5","0"
"18.78","13.988636363636363","0.01515151515151509","0.07148659626320066","0.0","3","25","false","b0ca7f8281b70bcbe19e1a696546f45c","b0ca7f8281b70bcbe19e1a696546f45c","0","2.0","0","3","b0ca7f8281b70bcbe19e1a696546f45c","0","3","-0.18078512396694213","1","false","0","b0ca7f8281b70bcbe19e1a696546f45c","90814","0.3333333333333333","0"
"51.55","12.380681818181818","0.0","0.08077099586966498","1.0","3","28","false","8671ec74ab98dcbab0f43825e3990a7a","8671ec74ab98dcbab0f43825e3990a7a","0","5.0","0","3","8671ec74ab98dcbab0f43825e3990a7a","0","3","-0.03460743801652894","1","false","0","8671ec74ab98dcbab0f43825e3990a7a","0","0.8333333333333334","0"
"65.2481012658228","12.380681818181818","0.0","0.08077099586966498","1.0","3","28","false","6b2d24cd793fa5ae98b705c0d8806b24","6b2d24cd793fa5ae98b705c0d8806b24","0","5.0","0","3","6b2d24cd793fa5ae98b705c0d8806b24","0","3","-0.03460743801652894","1","false","0","6b2d24cd793fa5ae98b705c0d8806b24","0","0.8333333333333334","0"
"24.0611111111111","15.545454545454545","0.0","0.06432748538011696","1.0","3","27","false","80a75ff524c4a9fffb56be4c2900b33f","80a75ff524c4a9fffb56be4c2900b33f","0","3.6666666666666665","0","3","80a75ff524c4a9fffb56be4c2900b33f","0","3","-0.32231404958677684","1","false","0","80a75ff524c4a9fffb56be4c2900b33f","0","0.7333333333333333","0"
"4664.85714285714","1.0","0.0","1.0","1.0","2","1","false","77f98f6a7fc5d35262aa60715eced046","77f98f6a7fc5d35262aa60715eced046","0","2.0","0","2","77f98f6a7fc5d35262aa60715eced046","0","2","1.0","1","false","0","77f98f6a7fc5d35262aa60715eced046","0","1.0","0"
"2705.18315018315","1.0","0.0","1.0","1.0","2","1","false","0ae37a4d19516d9f109edffbf5e67751","0ae37a4d19516d9f109edffbf5e67751","0","2.0","0","2","0ae37a4d19516d9f109edffbf5e67751","0","2","1.0","1","false","0","0ae37a4d19516d9f109edffbf5e67751","0","1.0","0"
"8036.963333333326","9.363636363636363","0.004103896103896098","0.10679611650485438","0.0","2","20","false","9c10f50dcdca07102d4d5e0ad92eaba8","9c10f50dcdca07102d4d5e0ad92eaba8","0","9.0","0","2","9c10f50dcdca07102d4d5e0ad92eaba8","0","2","0.23966942148760334","3","false","0","9c10f50dcdca07102d4d5e0ad92eaba8","28270","0.6666666666666666","0"
"577.21","1.0","0.0","1.0","0.0","1","1","false","5d74d97ce32ff7a5697419d8ac48a373","5d74d97ce32ff7a5697419d8ac48a373","0","1.0","0","1","5d74d97ce32ff7a5697419d8ac48a373","0","1","1.0","1","false","0","5d74d97ce32ff7a5697419d8ac48a373","0","0.0","0"
"305.289377289377","1.0","0.0","1.0","0.0","1","1","false","26f73284634c881eb399523a59db3969","26f73284634c881eb399523a59db3969","0","1.0","0","1","26f73284634c881eb399523a59db3969","0","1","1.0","2","false","0","26f73284634c881eb399523a59db3969","0","0.0","0"
"316.1","8.573863636363637","0.13122835497835497","0.11663353214049038","0.5833333333333334","9","18","false","4fe1388cba31797b04d4e4524fd7d78c","4fe1388cba31797b04d4e4524fd7d78c","0","7.333333333333333","0","9","4fe1388cba31797b04d4e4524fd7d78c","0","9","0.3114669421487603","1","false","0","4fe1388cba31797b04d4e4524fd7d78c","3939168","0.3333333333333333","0"
"102.666666666667","10.244318181818182","0.00564935064935065","0.09761508596783139","0.6666666666666666","3","22","false","4c9dab18a1e7da2ad2c3cfd979afeed0","4c9dab18a1e7da2ad2c3cfd979afeed0","0","4.0","0","3","4c9dab18a1e7da2ad2c3cfd979afeed0","0","3","0.15960743801652894","1","false","0","4c9dab18a1e7da2ad2c3cfd979afeed0","33772","0.5","0"
"1899.639240506332","18.09659090909091","0.0","0.05525902668759811","1.0","2","30","false","3b63a3ae03b79e90e95673931af3d983","3b63a3ae03b79e90e95673931af3d983","0","4.0","0","2","3b63a3ae03b79e90e95673931af3d983","0","2","-0.5542355371900828","2","false","0","3b63a3ae03b79e90e95673931af3d983","0","1.0","0"
"58.4103343465046","1.4","0.0","0.7142857142857143","1.0","3","2","false","f2f985cb494c838723c058de48518166","f2f985cb494c838723c058de48518166","0","3.6666666666666665","0","3","f2f985cb494c838723c058de48518166","0","3","0.9199999999999999","1","false","0","f2f985cb494c838723c058de48518166","0","0.7333333333333333","0"
"296978.5300000001","1.0","0.0","1.0","0.0","1","1","false","8017a96da6fba80ea0e4a78372fb21c4","8017a96da6fba80ea0e4a78372fb21c4","0","1.0","0","1","8017a96da6fba80ea0e4a78372fb21c4","0","1","1.0","159","false","0","8017a96da6fba80ea0e4a78372fb21c4","0","0.0","0"
"278666.5366666666","1.0","0.0","1.0","0.0","1","1","false","59d9a00b301738734d7c989bf117ba3a","59d9a00b301738734d7c989bf117ba3a","0","1.0","0","1","59d9a00b301738734d7c989bf117ba3a","0","1","1.0","147","false","0","59d9a00b301738734d7c989bf117ba3a","0","0.0","0"
"20.0147783251232","18.102272727272727","0.0","0.05524168236032643","0.0","1","29","false","460b40a5eb86506fc516f5f863f93ae6","460b40a5eb86506fc516f5f863f93ae6","0","3.0","0","1","460b40a5eb86506fc516f5f863f93ae6","0","1","-0.5547520661157024","1","false","0","460b40a5eb86506fc516f5f863f93ae6","0","0.0","0"
"146.4516129032258","17.107954545454547","0.011363636363636364","0.05845234141481235","0.3333333333333333","3","28","false","ce9b4fa62c3d6bb98137b82060435a42","ce9b4fa62c3d6bb98137b82060435a42","0","2.3333333333333335","0","3","ce9b4fa62c3d6bb98137b82060435a42","0","3","-0.46435950413223154","2","false","0","ce9b4fa62c3d6bb98137b82060435a42","90808","0.6666666666666666","0"
"9.2448132780083","9.255681818181818","0.2844155844155844","0.10804174340085942","0.75","8","25","false","a969c8ad4cddad06b7fbcd07ff420412","a969c8ad4cddad06b7fbcd07ff420412","0","9.75","0","8","a969c8ad4cddad06b7fbcd07ff420412","0","8","0.24948347107438015","2","false","0","a969c8ad4cddad06b7fbcd07ff420412","9878540","0.5661764705882353","0"
"212222.9766666666","1.2857142857142858","0.0634920634920635","0.7777777777777777","0.8","5","2","false","794dae1a6d7dc50ca213a647fd7a7c51","794dae1a6d7dc50ca213a647fd7a7c51","1","4.6","0","5","794dae1a6d7dc50ca213a647fd7a7c51","0","4","0.9523809523809524","102","false","0","794dae1a6d7dc50ca213a647fd7a7c51","8","0.6571428571428571","0"
"13.78","11.8125","0.06837662337662338","0.08465608465608465","0.6666666666666666","3","28","false","90fcd82073517f549003f20b7f26ed46","90fcd82073517f549003f20b7f26ed46","0","4.666666666666667","0","3","90fcd82073517f549003f20b7f26ed46","0","3","0.017045454545454544","1","false","0","90fcd82073517f549003f20b7f26ed46","1566540","0.4666666666666667","0"
"222.9111969111974","11.232954545454545","0.0","0.08902377339403136","1.0","2","23","false","53811b2eef15322c934c9613ac26cb35","53811b2eef15322c934c9613ac26cb35","0","3.0","0","2","53811b2eef15322c934c9613ac26cb35","0","2","0.06973140495867773","2","false","0","53811b2eef15322c934c9613ac26cb35","0","1.0","0"
"650.220085470086","10.244318181818182","0.00564935064935065","0.09761508596783139","0.6666666666666666","3","22","false","b226ab3af095b51fbf6d0060aa2f4a20","b226ab3af095b51fbf6d0060aa2f4a20","0","4.0","0","3","b226ab3af095b51fbf6d0060aa2f4a20","0","3","0.15960743801652894","1","false","0","b226ab3af095b51fbf6d0060aa2f4a20","33772","0.5","0"
"83.1648648648649","12.272727272727273","0.007445887445887414","0.08148148148148147","0.8333333333333334","4","28","false","686ea26fcec0de01b709a8f1da6f77cd","686ea26fcec0de01b709a8f1da6f77cd","0","4.5","0","4","686ea26fcec0de01b709a8f1da6f77cd","0","4","-0.024793388429752126","1","false","0","686ea26fcec0de01b709a8f1da6f77cd","209572","0.5625","0"
"3.80853658536586","10.846590909090908","0.06623376623376623","0.09219486642221059","0.75","8","27","false","16fcf5753b4a51d6c88fef91df43ae21","16fcf5753b4a51d6c88fef91df43ae21","0","9.125","0","8","16fcf5753b4a51d6c88fef91df43ae21","0","8","0.10485537190082651","2","false","0","16fcf5753b4a51d6c88fef91df43ae21","1448580","0.75","0"
"17.44157814871015","12.596590909090908","0.06623376623376623","0.07938655841226884","0.3333333333333333","4","29","false","87bc96fb11c0cee6b99e53f8dc888e03","87bc96fb11c0cee6b99e53f8dc888e03","0","4.5","0","4","87bc96fb11c0cee6b99e53f8dc888e03","0","4","-0.05423553719008257","2","false","0","87bc96fb11c0cee6b99e53f8dc888e03","4822600","0.5","0"
"8.4575","11.676136363636363","0.04899350649350649","0.08564476885644769","0.4","5","28","false","ca022fbb63e310187a345b1cf73058a4","ca022fbb63e310187a345b1cf73058a4","0","4.4","0","5","ca022fbb63e310187a345b1cf73058a4","0","5","0.02944214876033061","1","false","0","ca022fbb63e310187a345b1cf73058a4","3134658","0.3142857142857143","0"
"262.1209439528019","1.0","1.0","1.0","0.0","2","1","false","715ef961f6ca4b6a69a1d127a24d9f7a","715ef961f6ca4b6a69a1d127a24d9f7a","0","1.0","0","2","715ef961f6ca4b6a69a1d127a24d9f7a","0","2","1.0","4","false","0","715ef961f6ca4b6a69a1d127a24d9f7a","2","0.0","0"
"301.06623931623943","1.5","0.0","0.6666666666666666","0.0","1","2","false","892ed29fdfe259c02cc0037e3e6fcc49","892ed29fdfe259c02cc0037e3e6fcc49","0","2.0","0","1","892ed29fdfe259c02cc0037e3e6fcc49","0","1","0.75","4","false","0","892ed29fdfe259c02cc0037e3e6fcc49","0","0.0","0"
"42.624309392265204","14.505681818181818","0.0225974025974026","0.06893850372111242","0.3333333333333333","3","31","false","6a159a19a4245810e6d4c6cfd6c5e633","6a159a19a4245810e6d4c6cfd6c5e633","0","3.3333333333333335","0","3","6a159a19a4245810e6d4c6cfd6c5e633","0","3","-0.2277892561983471","2","false","0","6a159a19a4245810e6d4c6cfd6c5e633","1929064","0.6","0"
"41.8734939759036","17.107954545454547","0.03837662337662338","0.05845234141481235","0.5","4","29","false","376624b2d7a37d97ef89367c769c3630","376624b2d7a37d97ef89367c769c3630","0","3.5","0","4","376624b2d7a37d97ef89367c769c3630","0","4","-0.46435950413223154","1","false","0","376624b2d7a37d97ef89367c769c3630","5378118","0.4375","0"
"13.17","8.573863636363637","0.13122835497835497","0.11663353214049038","0.5833333333333334","9","18","false","138eeea615f57ee3dbc1e23429b7a412","138eeea615f57ee3dbc1e23429b7a412","0","7.333333333333333","0","9","138eeea615f57ee3dbc1e23429b7a412","0","9","0.3114669421487603","1","false","0","138eeea615f57ee3dbc1e23429b7a412","3939168","0.3333333333333333","0"
"98.36075949367088","11.965909090909092","0.0","0.0835707502374169","0.0","1","28","false","f012026bdcfe0915e7273886ee1dead7","f012026bdcfe0915e7273886ee1dead7","0","5.0","0","1","f012026bdcfe0915e7273886ee1dead7","0","1","0.003099173553718935","4","false","0","f012026bdcfe0915e7273886ee1dead7","0","0.0","0"
"1472.06504065041","8.340909090909092","0.16975324675324643","0.11989100817438691","0.6","6","20","false","8d835a7866f7d8e1a2bfeeb727590602","8d835a7866f7d8e1a2bfeeb727590602","0","6.5","0","6","8d835a7866f7d8e1a2bfeeb727590602","0","6","0.3326446280991735","1","false","0","8d835a7866f7d8e1a2bfeeb727590602","5219978","0.34210526315789475","0"
"16.51412429378536","14.528409090909092","0.0","0.06883066093077825","1.0","2","31","false","2702d2615664b4d5cf93237d413cc9c1","2702d2615664b4d5cf93237d413cc9c1","0","4.0","0","2","2702d2615664b4d5cf93237d413cc9c1","0","2","-0.22985537190082653","2","false","0","2702d2615664b4d5cf93237d413cc9c1","0","1.0","0"
"3.41571428571429","2.2222222222222223","0.6388888888888888","0.44999999999999996","0.0","3","4","false","def73da489df43f8938cea2fbf4b42f0","def73da489df43f8938cea2fbf4b42f0","0","2.0","0","3","def73da489df43f8938cea2fbf4b42f0","0","3","0.5925925925925926","1","false","0","def73da489df43f8938cea2fbf4b42f0","46","0.3333333333333333","0"
"177.6733333333337","2.2222222222222223","0.5555555555555556","0.44999999999999996","0.0","2","3","false","f7de327a1b361719f8e05aafabed4e6e","f7de327a1b361719f8e05aafabed4e6e","0","2.5","0","2","f7de327a1b361719f8e05aafabed4e6e","0","2","0.5925925925925926","2","false","0","f7de327a1b361719f8e05aafabed4e6e","40","0.5","0"
"987882.1980000007","1.4285714285714286","0.0","0.7","1.0","4","2","false","c289edb2e38226bfdf611552375c6fee","c289edb2e38226bfdf611552375c6fee","4","5.25","0","4","c289edb2e38226bfdf611552375c6fee","0","0","0.9285714285714285","115","false","0","c289edb2e38226bfdf611552375c6fee","0","0.75","0"
"5.59887005649718","9.954545454545455","0.032847866419295046","0.1004566210045662","0.8666666666666667","10","26","false","6580c3b546cca4a6feb8930fabb3edf2","6580c3b546cca4a6feb8930fabb3edf2","0","9.5","0","10","6580c3b546cca4a6feb8930fabb3edf2","0","10","0.18595041322314046","1","false","0","6580c3b546cca4a6feb8930fabb3edf2","1377574","0.5588235294117647","0"
"11.515100671140939","20.96590909090909","0.0","0.04769647696476965","0.0","1","33","false","dab9306c747ce5824e42e902432535f9","dab9306c747ce5824e42e902432535f9","0","3.0","0","1","dab9306c747ce5824e42e902432535f9","0","1","-0.8150826446280991","3","false","0","dab9306c747ce5824e42e902432535f9","0","0.0","0"
"4.25","19.97159090909091","0.011363636363636364","0.050071123755334276","0.3333333333333333","3","32","false","167ac4f6f53e56c4dc91930092fb21b7","167ac4f6f53e56c4dc91930092fb21b7","0","3.0","0","3","167ac4f6f53e56c4dc91930092fb21b7","0","3","-0.7246900826446282","2","false","0","167ac4f6f53e56c4dc91930092fb21b7","2151268","0.6666666666666666","0"
"56.0764192139738","8.573863636363637","0.13122835497835497","0.11663353214049038","0.5833333333333334","9","18","false","c01ef1a2d11f1f1f7a2f06db382ef78f","c01ef1a2d11f1f1f7a2f06db382ef78f","0","7.333333333333333","0","9","c01ef1a2d11f1f1f7a2f06db382ef78f","0","9","0.3114669421487603","1","false","0","c01ef1a2d11f1f1f7a2f06db382ef78f","3939168","0.3333333333333333","0"
"3353.6150000000002","9.528409090909092","0.011233766233766233","0.10494931425163982","0.4666666666666667","6","19","false","8046966cbe9a0a082dbc056b5f15f2e5","8046966cbe9a0a082dbc056b5f15f2e5","0","7.0","0","6","8046966cbe9a0a082dbc056b5f15f2e5","0","6","0.22469008264462803","2","false","0","8046966cbe9a0a082dbc056b5f15f2e5","55648","0.6363636363636364","0"
"8.59139784946237","13.607954545454545","0.09819480519480518","0.07348643006263049","0.4666666666666667","6","25","false","57c700597aa0b00201b5290aa82d7650","57c700597aa0b00201b5290aa82d7650","0","5.0","0","6","57c700597aa0b00201b5290aa82d7650","0","6","-0.14617768595041317","1","false","0","57c700597aa0b00201b5290aa82d7650","6766884","0.4166666666666667","0"
"7.68023255813954","2.375","0.0","0.42105263157894735","1.0","3","4","false","d934533e84537834e86d7623bd5390bf","d934533e84537834e86d7623bd5390bf","0","3.3333333333333335","0","3","d934533e84537834e86d7623bd5390bf","0","3","0.65625","1","false","0","d934533e84537834e86d7623bd5390bf","0","0.8333333333333334","0"
"9.26168224299065","2.375","0.0","0.42105263157894735","1.0","3","4","false","cc3f5125fbdda78c6f05954b1220aa7d","cc3f5125fbdda78c6f05954b1220aa7d","0","3.3333333333333335","0","3","cc3f5125fbdda78c6f05954b1220aa7d","0","3","0.65625","1","false","0","cc3f5125fbdda78c6f05954b1220aa7d","0","0.8333333333333334","0"
"266.8925","8.380681818181818","0.2572402597402594","0.11932203389830508","0.4","5","22","false","e1a88e6359efa79be7e30e10d1957876","e1a88e6359efa79be7e30e10d1957876","0","4.0","0","5","e1a88e6359efa79be7e30e10d1957876","0","5","0.3290289256198347","1","false","0","e1a88e6359efa79be7e30e10d1957876","7738850","0.36363636363636365","0"
"411.8339483394834","9.346590909090908","0.0225974025974026","0.10699088145896657","0.3333333333333333","3","23","false","f832e8ff023e20bf6232343ea35a327f","f832e8ff023e20bf6232343ea35a327f","0","4.0","0","3","f832e8ff023e20bf6232343ea35a327f","0","3","0.24121900826446288","2","false","0","f832e8ff023e20bf6232343ea35a327f","71768","0.6111111111111112","0"
"13.0828729281768","11.676136363636363","0.04899350649350649","0.08564476885644769","0.4","5","28","false","3c7969745da55397b1411f9148060cbf","3c7969745da55397b1411f9148060cbf","0","4.4","0","5","3c7969745da55397b1411f9148060cbf","0","5","0.02944214876033061","1","false","0","3c7969745da55397b1411f9148060cbf","3134658","0.3142857142857143","0"
"5.0144665461121205","10.789772727272727","0.11785714285714285","0.09268035808320169","0.6111111111111112","9","27","false","b0a6bc03f46b415c519f02b66863a0a5","b0a6bc03f46b415c519f02b66863a0a5","0","8.88888888888889","0","9","b0a6bc03f46b415c519f02b66863a0a5","0","9","0.11002066115702486","2","false","0","b0a6bc03f46b415c519f02b66863a0a5","6751416","0.5925925925925926","0"
"23.54666666666663","14.454545454545455","0.042077922077922075","0.06918238993710692","0.6","5","26","false","ce60f95da6367a9519df5b8b2a3b3f2d","ce60f95da6367a9519df5b8b2a3b3f2d","0","5.6","0","5","ce60f95da6367a9519df5b8b2a3b3f2d","0","5","-0.22314049586776863","2","false","0","ce60f95da6367a9519df5b8b2a3b3f2d","4302336","0.6222222222222222","0"
"16.5575757575758","1.0","0.0","1.0","1.0","2","1","false","f76ef9655f4ac1549d1b5c137fa0498c","f76ef9655f4ac1549d1b5c137fa0498c","0","2.0","0","2","f76ef9655f4ac1549d1b5c137fa0498c","0","2","1.0","1","false","0","f76ef9655f4ac1549d1b5c137fa0498c","0","1.0","0"
"2.5018315018315","1.0","0.0","1.0","1.0","2","1","false","70993341578d4f52988a3d6c0b3b4e3b","70993341578d4f52988a3d6c0b3b4e3b","0","2.0","0","2","70993341578d4f52988a3d6c0b3b4e3b","0","2","1.0","1","false","0","70993341578d4f52988a3d6c0b3b4e3b","0","1.0","0"
"73.51814516129033","15.1875","0.02266233766233766","0.06584362139917696","0.0","3","26","false","f21bd7a6bf2c7dbb10335d5480ce649e","f21bd7a6bf2c7dbb10335d5480ce649e","0","2.0","0","3","f21bd7a6bf2c7dbb10335d5480ce649e","0","3","-0.2897727272727273","2","false","0","f21bd7a6bf2c7dbb10335d5480ce649e","90818","0.3333333333333333","0"
"29.782608695652144","11.619318181818182","0.16623376623376623","0.08606356968215159","0.0","2","22","false","ae34113ff2e8398b6c0eb4d257d19b9a","ae34113ff2e8398b6c0eb4d257d19b9a","0","4.0","0","2","ae34113ff2e8398b6c0eb4d257d19b9a","0","2","0.03460743801652894","2","false","0","ae34113ff2e8398b6c0eb4d257d19b9a","816768","0.5","0"
"57.155","10.806818181818182","0.4536363636363636","0.092534174553102","0.0","4","21","false","bea9db530960badf563a76e90429a5ed","bea9db530960badf563a76e90429a5ed","0","1.75","0","4","bea9db530960badf563a76e90429a5ed","0","4","0.1084710743801653","1","false","0","bea9db530960badf563a76e90429a5ed","15133526","0.25","0"
"100.03","14.448863636363637","0.042090909090909095","0.06920959496657492","0.6666666666666666","6","26","false","2d6b2f3e968a2270bc9cdb6a46ed66df","2d6b2f3e968a2270bc9cdb6a46ed66df","0","5.333333333333333","0","6","2d6b2f3e968a2270bc9cdb6a46ed66df","0","6","-0.22262396694214878","2","false","0","2d6b2f3e968a2270bc9cdb6a46ed66df","4302338","0.5925925925925926","0"
"7.67948717948718","13.551136363636363","0.021672077922077922","0.07379454926624739","0.8","6","30","false","6b38e873a7021b257f0dcd8b85c961e0","6b38e873a7021b257f0dcd8b85c961e0","0","6.0","0","6","6b38e873a7021b257f0dcd8b85c961e0","0","6","-0.14101239669421484","1","false","0","6b38e873a7021b257f0dcd8b85c961e0","696342","0.5","0"
"60.272727272727295","12.664772727272727","0.1277922077922078","0.07895917451772096","0.4666666666666667","6","29","false","073d830187c7f1824a47e9d601dd46b3","073d830187c7f1824a47e9d601dd46b3","0","5.0","0","6","073d830187c7f1824a47e9d601dd46b3","0","6","-0.060433884297520606","2","false","0","073d830187c7f1824a47e9d601dd46b3","3063632","0.5555555555555556","0"
"609.2803738317759","1.0","1.0","1.0","0.0","2","1","false","e9b64e4b3d6eadc511dc26e3bfad131d","e9b64e4b3d6eadc511dc26e3bfad131d","0","1.0","0","2","e9b64e4b3d6eadc511dc26e3bfad131d","0","2","1.0","6","false","0","e9b64e4b3d6eadc511dc26e3bfad131d","2","0.0","0"
"75.2506811989101","1.5","0.0","0.6666666666666666","0.0","1","2","false","51f2af2e73a30237354ff297e2406d9a","51f2af2e73a30237354ff297e2406d9a","0","2.0","0","1","51f2af2e73a30237354ff297e2406d9a","0","1","0.75","3","false","0","51f2af2e73a30237354ff297e2406d9a","0","0.0","0"
"13.18357487922706","1.75","0.0","0.5714285714285714","1.0","2","3","false","ed6be8f95771172487d2e2c10349c0cb","ed6be8f95771172487d2e2c10349c0cb","0","3.0","0","2","ed6be8f95771172487d2e2c10349c0cb","0","2","0.75","2","false","0","ed6be8f95771172487d2e2c10349c0cb","0","1.0","0"
"51.9719626168224","1.25","0.16666666666666666","0.8","0.6666666666666666","3","2","false","0e22f8a0e00ff871d0b8bf3bebf2624e","0e22f8a0e00ff871d0b8bf3bebf2624e","0","2.6666666666666665","0","3","0e22f8a0e00ff871d0b8bf3bebf2624e","0","3","0.9166666666666666","1","false","0","0e22f8a0e00ff871d0b8bf3bebf2624e","4","0.6666666666666666","0"
"1744.929906542056","2.888888888888889","0.41666666666666663","0.34615384615384615","0.0","3","5","false","11f07f5e9c54b4bcfa07854d872e3c69","11f07f5e9c54b4bcfa07854d872e3c69","0","1.3333333333333333","0","3","11f07f5e9c54b4bcfa07854d872e3c69","0","3","0.3703703703703704","2","false","0","11f07f5e9c54b4bcfa07854d872e3c69","30","0.3333333333333333","0"
"4540.399999999998","3.7777777777777777","0.0","0.2647058823529412","0.0","1","6","false","7234e8f9a50f1d51a8a9bf9332519653","7234e8f9a50f1d51a8a9bf9332519653","0","3.0","0","1","7234e8f9a50f1d51a8a9bf9332519653","0","1","0.07407407407407411","3","false","0","7234e8f9a50f1d51a8a9bf9332519653","0","0.0","0"
"12.8399014778325","17.107954545454547","0.03837662337662338","0.05845234141481235","0.5","4","29","false","a6673a554dd1556f1a3cf259f94c45e7","a6673a554dd1556f1a3cf259f94c45e7","0","3.5","0","4","a6673a554dd1556f1a3cf259f94c45e7","0","4","-0.46435950413223154","1","false","0","a6673a554dd1556f1a3cf259f94c45e7","5378118","0.4375","0"
"7.72311827956989","16.198863636363637","0.0975974025974026","0.061732725359522976","0.3333333333333333","4","28","false","ebb37f80c99b3887c4c14abcb30618d4","ebb37f80c99b3887c4c14abcb30618d4","0","4.5","0","4","ebb37f80c99b3887c4c14abcb30618d4","0","4","-0.38171487603305787","2","false","0","ebb37f80c99b3887c4c14abcb30618d4","11831776","0.5","0"
"108.129129129129","13.744318181818182","0.0","0.07275733774286895","1.0","2","30","false","dcc7ed10a28728915ba983c703a5de83","dcc7ed10a28728915ba983c703a5de83","0","2.5","0","2","dcc7ed10a28728915ba983c703a5de83","0","2","-0.15857438016528924","1","false","0","dcc7ed10a28728915ba983c703a5de83","0","0.8333333333333334","0"
"10.1151079136691","1.0","0.0","1.0","0.0","1","1","false","e5eb68a6e8ac7ac2f3f1f7d030242b63","e5eb68a6e8ac7ac2f3f1f7d030242b63","0","1.0","0","1","e5eb68a6e8ac7ac2f3f1f7d030242b63","0","1","1.0","1","false","0","e5eb68a6e8ac7ac2f3f1f7d030242b63","0","0.0","0"
"35.89000000000003","1.0","0.0","1.0","0.0","1","1","false","66ca2f8af959a26a02e5d11288954c80","66ca2f8af959a26a02e5d11288954c80","0","1.0","0","1","66ca2f8af959a26a02e5d11288954c80","0","1","1.0","2","false","0","66ca2f8af959a26a02e5d11288954c80","0","0.0","0"
"5.63884673748103","9.954545454545455","0.032847866419295046","0.1004566210045662","0.8666666666666667","10","26","false","ca7edb9bb13786ed817a1f81706dd512","ca7edb9bb13786ed817a1f81706dd512","0","9.5","0","10","ca7edb9bb13786ed817a1f81706dd512","0","10","0.18595041322314046","1","false","0","ca7edb9bb13786ed817a1f81706dd512","1377574","0.5588235294117647","0"
"173.3296703296704","1.0","0.6000000000000001","1.0","0.4","5","1","false","083336034f07fc6af6065fec41e938d9","083336034f07fc6af6065fec41e938d9","0","2.6","0","5","083336034f07fc6af6065fec41e938d9","0","5","1.0","2","false","0","083336034f07fc6af6065fec41e938d9","12","0.52","0"
"24.5842217484009","1.4","0.0","0.7142857142857143","1.0","3","2","false","4630f64a2fb658d6a7f200d0fa7d302b","4630f64a2fb658d6a7f200d0fa7d302b","0","3.6666666666666665","0","3","4630f64a2fb658d6a7f200d0fa7d302b","0","3","0.9199999999999999","1","false","0","4630f64a2fb658d6a7f200d0fa7d302b","0","0.7333333333333333","0"
"163.55","14.505681818181818","0.02266233766233766","0.06893850372111242","0.4","6","31","false","64ba0b1ab3702c1974278f9fa797816b","64ba0b1ab3702c1974278f9fa797816b","0","4.333333333333333","0","6","64ba0b1ab3702c1974278f9fa797816b","0","6","-0.2277892561983471","2","false","0","64ba0b1ab3702c1974278f9fa797816b","557170","0.6666666666666666","0"
"190.41666666666669","1.0","0.0","1.0","0.0","1","1","false","acfeb183c752d220d5cf5c1c71ff3ffb","acfeb183c752d220d5cf5c1c71ff3ffb","0","1.0","0","1","acfeb183c752d220d5cf5c1c71ff3ffb","0","1","1.0","6","false","0","acfeb183c752d220d5cf5c1c71ff3ffb","0","0.0","0"
"37.1268656716418","1.0","0.0","1.0","0.0","1","1","false","06a5ac57d31b062f79ca848747f6e327","06a5ac57d31b062f79ca848747f6e327","0","1.0","0","1","06a5ac57d31b062f79ca848747f6e327","0","1","1.0","3","false","0","06a5ac57d31b062f79ca848747f6e327","0","0.0","0"
"110.43","11.369318181818182","0.0","0.0879560219890055","1.0","3","27","false","05276dabd97bb322a736fa48f2e6a453","05276dabd97bb322a736fa48f2e6a453","0","5.0","0","3","05276dabd97bb322a736fa48f2e6a453","0","3","0.05733471074380167","2","false","0","05276dabd97bb322a736fa48f2e6a453","0","1.0","0"
"36.38554216867472","14.9375","4.978354978354978E-4","0.06694560669456066","0.3333333333333333","3","26","false","a46acadc83fdadf01a49d5bbc98116b0","a46acadc83fdadf01a49d5bbc98116b0","0","3.0","0","3","a46acadc83fdadf01a49d5bbc98116b0","0","3","-0.26704545454545453","2","false","0","a46acadc83fdadf01a49d5bbc98116b0","28","0.5333333333333333","0"
"5.26623376623377","13.982954545454545","0.003809523809523796","0.07151564404713531","0.6666666666666666","3","25","false","d5e6f595845b2ff2c94414f583d372ae","d5e6f595845b2ff2c94414f583d372ae","0","3.3333333333333335","0","3","d5e6f595845b2ff2c94414f583d372ae","0","3","-0.18026859504132228","1","false","0","d5e6f595845b2ff2c94414f583d372ae","45406","0.5555555555555556","0"
"7.16279069767442","3.4444444444444446","0.0","0.29032258064516125","1.0","2","6","false","a086a17dc01da8e8f747d98447ed5d39","a086a17dc01da8e8f747d98447ed5d39","0","2.5","0","2","a086a17dc01da8e8f747d98447ed5d39","0","2","0.18518518518518512","1","false","0","a086a17dc01da8e8f747d98447ed5d39","0","0.8333333333333334","0"
"4.811676082862522","2.6666666666666665","0.38888888888888884","0.375","0.3333333333333333","3","5","false","a88cb202e0ea9d37d848e86b4476030f","a88cb202e0ea9d37d848e86b4476030f","0","2.3333333333333335","0","3","a88cb202e0ea9d37d848e86b4476030f","0","3","0.4444444444444445","2","false","0","a88cb202e0ea9d37d848e86b4476030f","28","0.5","0"
"201.25700934579478","9.471590909090908","0.07720779220779221","0.10557888422315538","0.4","6","19","false","d912285a05973ce6e17f9b65223171cd","d912285a05973ce6e17f9b65223171cd","0","6.833333333333333","0","6","d912285a05973ce6e17f9b65223171cd","0","6","0.22985537190082653","2","false","0","d912285a05973ce6e17f9b65223171cd","222414","0.5416666666666666","0"
"555.9318181818185","10.465909090909092","0.0","0.09554831704668837","0.0","1","20","false","143017906116bcbb14570795e5988550","143017906116bcbb14570795e5988550","0","6.0","0","1","143017906116bcbb14570795e5988550","0","1","0.1394628099173553","3","false","0","143017906116bcbb14570795e5988550","0","0.0","0"
"37.8487084870849","12.272727272727273","0.007445887445887414","0.08148148148148147","0.8333333333333334","4","28","false","97ee131f395219fe2171de823a2b154d","97ee131f395219fe2171de823a2b154d","0","4.5","0","4","97ee131f395219fe2171de823a2b154d","0","4","-0.024793388429752126","1","false","0","97ee131f395219fe2171de823a2b154d","209572","0.5625","0"
"325.93596986817323","1.0","0.6666666666666666","1.0","0.3333333333333333","3","1","false","ed0b88de639c5c9093cb8568f907ed8f","ed0b88de639c5c9093cb8568f907ed8f","0","1.6666666666666667","0","3","ed0b88de639c5c9093cb8568f907ed8f","0","3","1.0","6","false","0","ed0b88de639c5c9093cb8568f907ed8f","4","0.6666666666666666","0"
"15.01166666666667","1.3333333333333333","0.0","0.75","1.0","2","2","false","b59bba221874912a9da900e9fe57c24f","b59bba221874912a9da900e9fe57c24f","0","2.5","0","2","b59bba221874912a9da900e9fe57c24f","0","2","0.888888888888889","4","false","0","b59bba221874912a9da900e9fe57c24f","0","0.8333333333333334","0"
"271.9586206896554","9.607954545454545","0.43214285714285716","0.10408042578356003","0.3333333333333333","3","18","false","3263bf62cde31b3332032e214ab57a44","3263bf62cde31b3332032e214ab57a44","0","3.0","0","3","3263bf62cde31b3332032e214ab57a44","0","3","0.21745867768595045","2","false","0","3263bf62cde31b3332032e214ab57a44","15296976","0.5333333333333333","0"
"8.91710758377425","12.079545454545455","0.30554112554112556","0.08278457196613358","0.0","5","23","false","5fe4508901314a9bbc4d70985f129e49","5fe4508901314a9bbc4d70985f129e49","0","2.4","0","5","5fe4508901314a9bbc4d70985f129e49","0","5","-0.00723140495867773","1","false","0","5fe4508901314a9bbc4d70985f129e49","14157226","0.2","0"
"15.717514124293821","13.073863636363637","0.0","0.07648848326814428","0.0","1","24","false","d09de3455a7d4a5c9891e3c845c231ff","d09de3455a7d4a5c9891e3c845c231ff","0","5.0","0","1","d09de3455a7d4a5c9891e3c845c231ff","0","1","-0.0976239669421488","2","false","0","d09de3455a7d4a5c9891e3c845c231ff","0","0.0","0"
"8.72151898734177","11.8125","0.06837662337662338","0.08465608465608465","0.6666666666666666","3","28","false","f04cc17c663aa4f38f0e5b814d665bf0","f04cc17c663aa4f38f0e5b814d665bf0","0","4.666666666666667","0","3","f04cc17c663aa4f38f0e5b814d665bf0","0","3","0.017045454545454544","1","false","0","f04cc17c663aa4f38f0e5b814d665bf0","1566540","0.4666666666666667","0"
"38.260000000000005","10.971590909090908","0.17753246753246754","0.09114448472294148","0.1","5","27","false","363e4bca1f9d15b626c22c6cf649f6f8","363e4bca1f9d15b626c22c6cf649f6f8","0","2.0","0","5","363e4bca1f9d15b626c22c6cf649f6f8","0","5","0.09349173553719016","2","false","0","363e4bca1f9d15b626c22c6cf649f6f8","3272134","0.35","0"
"22.5298885511652","10.448863636363637","0.027597402597402596","0.09570418705818379","0.6666666666666666","4","26","false","ee75edc8abc70800e362612e042dbaaa","ee75edc8abc70800e362612e042dbaaa","0","4.75","0","4","ee75edc8abc70800e362612e042dbaaa","0","4","0.14101239669421484","1","false","0","ee75edc8abc70800e362612e042dbaaa","279680","0.59375","0"
"18.9658848614072","10.448863636363637","0.027597402597402596","0.09570418705818379","0.6666666666666666","4","26","false","f908d6b2d3dab6ecf46df2bc105b9eab","f908d6b2d3dab6ecf46df2bc105b9eab","0","4.75","0","4","f908d6b2d3dab6ecf46df2bc105b9eab","0","4","0.14101239669421484","1","false","0","f908d6b2d3dab6ecf46df2bc105b9eab","279680","0.59375","0"
"29.2884615384615","2.75","0.0","0.36363636363636365","1.0","2","4","false","c9f096097a2f167a7ce88a867cdf0db8","c9f096097a2f167a7ce88a867cdf0db8","0","2.5","0","2","c9f096097a2f167a7ce88a867cdf0db8","0","2","0.5625","1","false","0","c9f096097a2f167a7ce88a867cdf0db8","0","0.8333333333333334","0"
"73.104","2.75","0.0","0.36363636363636365","1.0","2","4","false","8931ea5236aac5c689ff21bf4922e2d9","8931ea5236aac5c689ff21bf4922e2d9","0","2.5","0","2","8931ea5236aac5c689ff21bf4922e2d9","0","2","0.5625","1","false","0","8931ea5236aac5c689ff21bf4922e2d9","0","0.8333333333333334","0"
"2.26823529411765","15.448863636363637","0.011266233766233766","0.06472968002942259","0.5","4","32","false","8de701d63f7f1f262d4ea0335557e4fe","8de701d63f7f1f262d4ea0335557e4fe","0","3.5","0","4","8de701d63f7f1f262d4ea0335557e4fe","0","4","-0.3135330578512397","1","false","0","8de701d63f7f1f262d4ea0335557e4fe","557110","0.4375","0"
"3.34680851063829","16.4375","0.0","0.060836501901140684","1.0","2","33","false","4854bd8a5c472afbbbd1fbd4aebbc85f","4854bd8a5c472afbbbd1fbd4aebbc85f","0","4.0","0","2","4854bd8a5c472afbbbd1fbd4aebbc85f","0","2","-0.4034090909090909","2","false","0","4854bd8a5c472afbbbd1fbd4aebbc85f","0","1.0","0"
"5.57478632478632","12.835227272727273","0.21136363636363636","0.07791057990261177","0.3333333333333333","3","24","false","adc8d9143763e5a1448e66cbb63b63d7","adc8d9143763e5a1448e66cbb63b63d7","0","5.666666666666667","0","3","adc8d9143763e5a1448e66cbb63b63d7","0","3","-0.07592975206611575","2","false","0","adc8d9143763e5a1448e66cbb63b63d7","13620416","0.5333333333333333","0"
"21.3066666666667","13.607954545454545","0.09819480519480518","0.07348643006263049","0.4666666666666667","6","25","false","45e49300c44eee17a59d7eff4649bcce","45e49300c44eee17a59d7eff4649bcce","0","5.0","0","6","45e49300c44eee17a59d7eff4649bcce","0","6","-0.14617768595041317","1","false","0","45e49300c44eee17a59d7eff4649bcce","6766884","0.4166666666666667","0"
"461.2613636363641","1.0","0.0","1.0","0.0","1","1","false","fd1b28c56079932f2b34b3d8947b2e8d","fd1b28c56079932f2b34b3d8947b2e8d","0","1.0","0","1","fd1b28c56079932f2b34b3d8947b2e8d","0","1","1.0","6","false","0","fd1b28c56079932f2b34b3d8947b2e8d","0","0.0","0"
"1246.3892045454554","1.0","0.0","1.0","0.0","1","1","false","b97fba42253c222a0c858a4812411cbe","b97fba42253c222a0c858a4812411cbe","0","1.0","0","1","b97fba42253c222a0c858a4812411cbe","0","1","1.0","7","false","0","b97fba42253c222a0c858a4812411cbe","0","0.0","0"
"187.6084337349393","8.892045454545455","0.44441558441558443","0.11246006389776357","0.4666666666666667","6","17","false","d1e0d53ce1d8be457d515c4aa471220e","d1e0d53ce1d8be457d515c4aa471220e","0","7.0","0","6","d1e0d53ce1d8be457d515c4aa471220e","0","6","0.28254132231404955","2","false","0","d1e0d53ce1d8be457d515c4aa471220e","15383680","0.5833333333333334","0"
"31.1602564102564","9.244318181818182","0.21636363636363637","0.10817455439459127","0.6666666666666666","3","17","false","5ed00a7345e6d66aeb894d3f3f3cb972","5ed00a7345e6d66aeb894d3f3f3cb972","0","4.0","0","3","5ed00a7345e6d66aeb894d3f3f3cb972","0","3","0.2505165289256199","1","false","0","5ed00a7345e6d66aeb894d3f3f3cb972","7670166","0.5","0"
"635.61","1.5","0.0","0.6666666666666666","0.0","1","2","false","bfa6e05c3c00207374657b01978d12d7","bfa6e05c3c00207374657b01978d12d7","0","2.0","0","1","bfa6e05c3c00207374657b01978d12d7","0","1","0.75","1","false","0","bfa6e05c3c00207374657b01978d12d7","0","0.0","0"
"140.87","1.0","1.0","1.0","0.0","2","1","false","c7711e1a039789e74e363bfa0f3cef63","c7711e1a039789e74e363bfa0f3cef63","0","1.0","0","2","c7711e1a039789e74e363bfa0f3cef63","0","2","1.0","2","false","0","c7711e1a039789e74e363bfa0f3cef63","2","0.0","0"
"10.6081632653061","15.545454545454545","0.0","0.06432748538011696","1.0","3","27","false","ab652592c386afe5d78964372d1c0c72","ab652592c386afe5d78964372d1c0c72","0","3.6666666666666665","0","3","ab652592c386afe5d78964372d1c0c72","0","3","-0.32231404958677684","1","false","0","ab652592c386afe5d78964372d1c0c72","0","0.7333333333333333","0"
"441852.5344827587","1.2857142857142858","0.0634920634920635","0.7777777777777777","0.8","5","2","false","ceeaa05c3682b56bfff922311a6f6923","ceeaa05c3682b56bfff922311a6f6923","1","4.6","0","5","ceeaa05c3682b56bfff922311a6f6923","0","4","0.9523809523809524","109","false","0","ceeaa05c3682b56bfff922311a6f6923","8","0.6571428571428571","0"
"492.106666666667","9.267045454545455","0.039707792207792206","0.1079092581238504","0.19047619047619047","7","21","false","33d528a5cc963a065105db439e11726e","33d528a5cc963a065105db439e11726e","0","4.0","0","7","33d528a5cc963a065105db439e11726e","0","7","0.24845041322314046","2","false","0","33d528a5cc963a065105db439e11726e","146074","0.4126984126984127","0"
"1413.7266666666703","9.363636363636363","0.004103896103896098","0.10679611650485438","0.0","2","20","false","acd4446d0c5e6dd3e3f3d8d4a1ad76ef","acd4446d0c5e6dd3e3f3d8d4a1ad76ef","0","9.0","0","2","acd4446d0c5e6dd3e3f3d8d4a1ad76ef","0","2","0.23966942148760334","3","false","0","acd4446d0c5e6dd3e3f3d8d4a1ad76ef","28270","0.6666666666666666","0"
"23.35265700483089","10.880681818181818","0.033701298701298704","0.09190600522193211","0.5333333333333333","10","27","false","808cb08db7783a0ba96709cf1e244c5b","808cb08db7783a0ba96709cf1e244c5b","0","7.9","0","10","808cb08db7783a0ba96709cf1e244c5b","0","10","0.10175619834710742","2","false","0","808cb08db7783a0ba96709cf1e244c5b","724416","0.6076923076923076","0"
"63.37","16.130681818181817","0.011233766233766233","0.06199365973934485","0.6666666666666666","3","27","false","f4f6f54e3f7a9685e448c33eea53870e","f4f6f54e3f7a9685e448c33eea53870e","0","3.0","0","3","f4f6f54e3f7a9685e448c33eea53870e","0","3","-0.3755165289256197","1","false","0","f4f6f54e3f7a9685e448c33eea53870e","90804","0.6","0"
"10.84879032258064","15.164772727272727","0.044675324675324674","0.06594230048707381","0.3333333333333333","3","26","false","b8607c05cd36a24f37fa31102cdbbb2f","b8607c05cd36a24f37fa31102cdbbb2f","0","3.3333333333333335","0","3","b8607c05cd36a24f37fa31102cdbbb2f","0","3","-0.28770661157024785","2","false","0","b8607c05cd36a24f37fa31102cdbbb2f","272400","0.5","0"
"124.972685887709","13.539772727272727","0.022305194805194804","0.07385648342425515","0.5","4","30","false","282edcb3e1d3fadc99ceb07e496b0d61","282edcb3e1d3fadc99ceb07e496b0d61","0","3.25","0","4","282edcb3e1d3fadc99ceb07e496b0d61","0","4","-0.13997933884297514","1","false","0","282edcb3e1d3fadc99ceb07e496b0d61","1929054","0.4642857142857143","0"
"7.488","13.539772727272727","0.022305194805194804","0.07385648342425515","0.5","4","30","false","2e764946c978cb6024d15751d1075540","2e764946c978cb6024d15751d1075540","0","3.25","0","4","2e764946c978cb6024d15751d1075540","0","4","-0.13997933884297514","1","false","0","2e764946c978cb6024d15751d1075540","1929054","0.4642857142857143","0"
"4.314","10.982954545454545","0.0","0.09105018106570098","0.0","1","20","false","aa023f947ccd8c027024da39e3578ef3","aa023f947ccd8c027024da39e3578ef3","0","3.0","0","1","aa023f947ccd8c027024da39e3578ef3","0","1","0.09245867768595045","2","false","0","aa023f947ccd8c027024da39e3578ef3","0","0.0","0"
"10.8974358974359","9.988636363636363","0.43123376623376625","0.10011376564277588","0.0","3","19","false","9aefd12519f64dc10da63ed744e962a0","9aefd12519f64dc10da63ed744e962a0","0","2.0","0","3","9aefd12519f64dc10da63ed744e962a0","0","3","0.18285123966942152","1","false","0","9aefd12519f64dc10da63ed744e962a0","15253610","0.3333333333333333","0"
"14.85869565217391","13.028409090909092","0.04069264069264073","0.07675534234627125","0.16666666666666666","4","24","false","97df308bda4ed9087e66e517861146d8","97df308bda4ed9087e66e517861146d8","0","3.0","0","4","97df308bda4ed9087e66e517861146d8","0","4","-0.09349173553719016","2","false","0","97df308bda4ed9087e66e517861146d8","226996","0.35714285714285715","0"
"2.03","13.982954545454545","0.003809523809523796","0.07151564404713531","0.6666666666666666","3","25","false","2a071e643cea456d2e6fecb2a55158e5","2a071e643cea456d2e6fecb2a55158e5","0","3.3333333333333335","0","3","2a071e643cea456d2e6fecb2a55158e5","0","3","-0.18026859504132228","1","false","0","2a071e643cea456d2e6fecb2a55158e5","45406","0.5555555555555556","0"
"5.13182674199623","9.954545454545455","0.032847866419295046","0.1004566210045662","0.8666666666666667","10","26","false","3065a8be6df5a5757c5100f791fb74e2","3065a8be6df5a5757c5100f791fb74e2","0","9.5","0","10","3065a8be6df5a5757c5100f791fb74e2","0","10","0.18595041322314046","1","false","0","3065a8be6df5a5757c5100f791fb74e2","1377574","0.5588235294117647","0"
"2.13274336283186","11.863636363636363","0.0","0.0842911877394636","1.0","3","28","false","6091a15e2d5e0595fe3fbae17d336e34","6091a15e2d5e0595fe3fbae17d336e34","0","5.333333333333333","0","3","6091a15e2d5e0595fe3fbae17d336e34","0","3","0.012396694214876063","1","false","0","6091a15e2d5e0595fe3fbae17d336e34","0","0.5333333333333333","0"
"4.82","11.863636363636363","0.0","0.0842911877394636","1.0","3","28","false","56b3213c5659ea8b8c775ffcea923727","56b3213c5659ea8b8c775ffcea923727","0","5.333333333333333","0","3","56b3213c5659ea8b8c775ffcea923727","0","3","0.012396694214876063","1","false","0","56b3213c5659ea8b8c775ffcea923727","0","0.5333333333333333","0"
"71.64142857142855","9.585227272727273","0.011363636363636364","0.10432720806164789","0.0","2","25","false","3b5c8eee3b52d378ee18d9089c3e6a9b","3b5c8eee3b52d378ee18d9089c3e6a9b","0","4.5","0","2","3b5c8eee3b52d378ee18d9089c3e6a9b","0","2","0.2195247933884297","2","false","0","3b5c8eee3b52d378ee18d9089c3e6a9b","34992","0.5","0"
"34.6533333333333","8.602272727272727","0.6367532467532467","0.11624834874504625","0.0","8","24","false","73ea0822372e53a2113b84a49c65585b","73ea0822372e53a2113b84a49c65585b","0","3.25","0","8","73ea0822372e53a2113b84a49c65585b","0","8","0.3088842975206612","1","false","0","73ea0822372e53a2113b84a49c65585b","15382508","0.125","0"
"247.464480874317","10.329545454545455","0.011363636363636364","0.0968096809680968","0.0","2","24","false","92fbc09c5c95bd54e342d241a4ecbec8","92fbc09c5c95bd54e342d241a4ecbec8","0","2.0","0","2","92fbc09c5c95bd54e342d241a4ecbec8","0","2","0.15185950413223137","1","false","0","92fbc09c5c95bd54e342d241a4ecbec8","35886","0.5","0"
"179.2801120448184","11.323863636363637","0.0","0.08830908178625188","0.0","1","25","false","afc92c9e00c6a26cd3338b5f45dd308e","afc92c9e00c6a26cd3338b5f45dd308e","0","2.0","0","1","afc92c9e00c6a26cd3338b5f45dd308e","0","1","0.0614669421487603","2","false","0","afc92c9e00c6a26cd3338b5f45dd308e","0","0.0","0"
"8.15630885122411","15.545454545454545","0.0","0.06432748538011696","1.0","3","27","false","7c221b922783ff3a4f6382da39e7e4d6","7c221b922783ff3a4f6382da39e7e4d6","0","3.6666666666666665","0","3","7c221b922783ff3a4f6382da39e7e4d6","0","3","-0.32231404958677684","1","false","0","7c221b922783ff3a4f6382da39e7e4d6","0","0.7333333333333333","0"
"37.6298701298702","14.5625","0.033701298701298704","0.06866952789699571","0.4","5","26","false","84e1b3003e1b45505c4fa873f5048e36","84e1b3003e1b45505c4fa873f5048e36","0","4.2","0","5","84e1b3003e1b45505c4fa873f5048e36","0","5","-0.23295454545454544","2","false","0","84e1b3003e1b45505c4fa873f5048e36","270612","0.4666666666666667","0"
"155.42999999999998","13.323863636363637","0.10779220779220779","0.07505330490405117","0.0","2","24","false","cc3ffad065821967b09f37ee29056605","cc3ffad065821967b09f37ee29056605","0","4.0","0","2","cc3ffad065821967b09f37ee29056605","0","2","-0.12035123966942152","2","false","0","cc3ffad065821967b09f37ee29056605","544656","0.5","0"
"6.59072580645161","14.215909090909092","0.09909090909090909","0.07034372501998401","0.0","4","25","false","ceba7af727b1a8620a85e9002f5ebaca","ceba7af727b1a8620a85e9002f5ebaca","0","2.25","0","4","ceba7af727b1a8620a85e9002f5ebaca","0","4","-0.20144628099173562","1","false","0","ceba7af727b1a8620a85e9002f5ebaca","499352","0.25","0"
"74.14717741935486","2.25","0.0","0.4444444444444444","0.0","1","3","false","ce71bceba17802631e9f64f8633dfd0c","ce71bceba17802631e9f64f8633dfd0c","0","2.0","0","1","ce71bceba17802631e9f64f8633dfd0c","0","1","0.5833333333333334","4","false","0","ce71bceba17802631e9f64f8633dfd0c","0","0.0","0"
"171.7871428571426","1.5","0.5","0.6666666666666666","0.0","2","2","false","07349a3d457b346ae18fea9a99e78b87","07349a3d457b346ae18fea9a99e78b87","0","2.0","0","2","07349a3d457b346ae18fea9a99e78b87","0","2","0.8333333333333334","2","false","0","07349a3d457b346ae18fea9a99e78b87","6","0.5","0"
"7.775","1.625","0.6785714285714285","0.6153846153846154","0.0","3","2","false","1fa7c745a99c5fba629ad52a6953d8f4","1fa7c745a99c5fba629ad52a6953d8f4","0","2.6666666666666665","0","3","1fa7c745a99c5fba629ad52a6953d8f4","0","3","0.84375","1","false","0","1fa7c745a99c5fba629ad52a6953d8f4","38","0.3333333333333333","0"
"34.9120879120879","2.5","0.0","0.4","0.0","1","3","false","b40879af3edd54285272fb056ea55513","b40879af3edd54285272fb056ea55513","0","3.0","0","1","b40879af3edd54285272fb056ea55513","0","1","0.625","2","false","0","b40879af3edd54285272fb056ea55513","0","0.0","0"
"16.879746835443","13.744318181818182","0.0","0.07275733774286895","1.0","2","30","false","062a6a55d6c81c8a614cb6cbb648003d","062a6a55d6c81c8a614cb6cbb648003d","0","2.5","0","2","062a6a55d6c81c8a614cb6cbb648003d","0","2","-0.15857438016528924","1","false","0","062a6a55d6c81c8a614cb6cbb648003d","0","0.8333333333333334","0"
"19.40188679245279","12.755681818181818","0.0225974025974026","0.07839643652561247","0.3333333333333333","3","29","false","e2e729ea1b851eca7dc929cf45eee7f6","e2e729ea1b851eca7dc929cf45eee7f6","0","2.3333333333333335","0","3","e2e729ea1b851eca7dc929cf45eee7f6","0","3","-0.06869834710743804","2","false","0","e2e729ea1b851eca7dc929cf45eee7f6","482876","0.5","0"
"1598.274509803925","11.3125","0.05551948051948052","0.08839779005524862","0.4","6","27","false","ba7b4e94ce75e1c3a19c4531efef01c6","ba7b4e94ce75e1c3a19c4531efef01c6","0","4.5","0","6","ba7b4e94ce75e1c3a19c4531efef01c6","0","6","0.0625","2","false","0","ba7b4e94ce75e1c3a19c4531efef01c6","943056","0.5","0"
"61.542","12.272727272727273","0.007445887445887414","0.08148148148148147","0.8333333333333334","4","28","false","c973f38bbb6f0abde6d19c8d16044797","c973f38bbb6f0abde6d19c8d16044797","0","4.5","0","4","c973f38bbb6f0abde6d19c8d16044797","0","4","-0.024793388429752126","1","false","0","c973f38bbb6f0abde6d19c8d16044797","209572","0.5625","0"
"8.67","9.954545454545455","0.032847866419295046","0.1004566210045662","0.8666666666666667","10","26","false","f5ce5c0b86150c7007950659203e8b52","f5ce5c0b86150c7007950659203e8b52","0","9.5","0","10","f5ce5c0b86150c7007950659203e8b52","0","10","0.18595041322314046","1","false","0","f5ce5c0b86150c7007950659203e8b52","1377574","0.5588235294117647","0"
"8.25666666666667","9.954545454545455","0.032847866419295046","0.1004566210045662","0.8666666666666667","10","26","false","a54a10dc5e49a1280a7b00eebb31f3da","a54a10dc5e49a1280a7b00eebb31f3da","0","9.5","0","10","a54a10dc5e49a1280a7b00eebb31f3da","0","10","0.18595041322314046","1","false","0","a54a10dc5e49a1280a7b00eebb31f3da","1377574","0.5588235294117647","0"
"9.39607843137255","13.551136363636363","0.021672077922077922","0.07379454926624739","0.8","6","30","false","a126467c08cbc32af2cb81e0679286b3","a126467c08cbc32af2cb81e0679286b3","0","6.0","0","6","a126467c08cbc32af2cb81e0679286b3","0","6","-0.14101239669421484","1","false","0","a126467c08cbc32af2cb81e0679286b3","696342","0.5","0"
"20.1344537815126","13.551136363636363","0.021672077922077922","0.07379454926624739","0.8","6","30","false","98391df043db6d31cf0decbb9a73406f","98391df043db6d31cf0decbb9a73406f","0","6.0","0","6","98391df043db6d31cf0decbb9a73406f","0","6","-0.14101239669421484","1","false","0","98391df043db6d31cf0decbb9a73406f","696342","0.5","0"
"135513.017921147","2.0","0.0","0.5","0.0","1","3","false","f2399a63bd7f7c34a3f13f7289bf6c7f","f2399a63bd7f7c34a3f13f7289bf6c7f","0","6.0","0","1","f2399a63bd7f7c34a3f13f7289bf6c7f","0","1","0.8333333333333334","122","false","0","f2399a63bd7f7c34a3f13f7289bf6c7f","0","0.0","0"
"232585.80547112465","1.1428571428571428","0.5238095238095237","0.875","0.4","6","2","false","4f49d25c3ff81e98cb1c7c319a6dd8e0","4f49d25c3ff81e98cb1c7c319a6dd8e0","2","3.5","0","6","4f49d25c3ff81e98cb1c7c319a6dd8e0","0","4","0.9761904761904763","108","false","0","4f49d25c3ff81e98cb1c7c319a6dd8e0","30","0.6333333333333333","0"
"14.275","10.556818181818182","0.011363636363636364","0.09472551130247578","0.0","2","26","false","adef6fa22da28168b9fed90cc8d89869","adef6fa22da28168b9fed90cc8d89869","0","1.5","0","2","adef6fa22da28168b9fed90cc8d89869","0","2","0.13119834710743802","1","false","0","adef6fa22da28168b9fed90cc8d89869","34992","0.5","0"
"30.7325","11.551136363636363","0.0","0.08657156910969012","0.0","1","27","false","c1654e68f51b4ab683a54b2f2369e0ab","c1654e68f51b4ab683a54b2f2369e0ab","0","2.0","0","1","c1654e68f51b4ab683a54b2f2369e0ab","0","1","0.04080578512396697","2","false","0","c1654e68f51b4ab683a54b2f2369e0ab","0","0.0","0"
"6187.513725490198","8.414772727272727","0.5123051948051948","0.11883862255232952","0.16363636363636364","11","19","false","427f36a62fd93f203313097262fe7a9c","427f36a62fd93f203313097262fe7a9c","0","5.454545454545454","0","11","427f36a62fd93f203313097262fe7a9c","0","11","0.32592975206611574","2","false","0","427f36a62fd93f203313097262fe7a9c","15706592","0.3393939393939394","0"
"10.8952205882353","8.573863636363637","0.13122835497835497","0.11663353214049038","0.5833333333333334","9","18","false","d7c8893a24642d8d1f802009bcc9d177","d7c8893a24642d8d1f802009bcc9d177","0","7.333333333333333","0","9","d7c8893a24642d8d1f802009bcc9d177","0","9","0.3114669421487603","1","false","0","d7c8893a24642d8d1f802009bcc9d177","3939168","0.3333333333333333","0"
"13.2133333333333","9.954545454545455","0.032847866419295046","0.1004566210045662","0.8666666666666667","10","26","false","cf4f9b4576e9fccbe57138256a97e50e","cf4f9b4576e9fccbe57138256a97e50e","0","9.5","0","10","cf4f9b4576e9fccbe57138256a97e50e","0","10","0.18595041322314046","1","false","0","cf4f9b4576e9fccbe57138256a97e50e","1377574","0.5588235294117647","0"
"19.82","9.954545454545455","0.032847866419295046","0.1004566210045662","0.8666666666666667","10","26","false","8aa36490f207b4a6fb393156c62a354e","8aa36490f207b4a6fb393156c62a354e","0","9.5","0","10","8aa36490f207b4a6fb393156c62a354e","0","10","0.18595041322314046","1","false","0","8aa36490f207b4a6fb393156c62a354e","1377574","0.5588235294117647","0"
"1578.3849999999998","8.335227272727273","0.5082467532467533","0.11997273346966597","0.26666666666666666","6","21","false","b0842561d9929b4d865090c96d11b540","b0842561d9929b4d865090c96d11b540","0","5.166666666666667","0","6","b0842561d9929b4d865090c96d11b540","0","6","0.3331611570247933","2","false","0","b0842561d9929b4d865090c96d11b540","15550196","0.4166666666666667","0"
"1313.0586206896555","9.306818181818182","0.0133116883116883","0.10744810744810745","0.0","3","22","false","2604c985e0937519d673c424bc8d32fc","2604c985e0937519d673c424bc8d32fc","0","3.3333333333333335","0","3","2604c985e0937519d673c424bc8d32fc","0","3","0.24483471074380167","4","false","0","2604c985e0937519d673c424bc8d32fc","37694","0.4666666666666667","0"
"98.2574955908289","8.340909090909092","0.16975324675324643","0.11989100817438691","0.6","6","20","false","6488f96c2848262a4b91f19fe95ef055","6488f96c2848262a4b91f19fe95ef055","0","6.5","0","6","6488f96c2848262a4b91f19fe95ef055","0","6","0.3326446280991735","1","false","0","6488f96c2848262a4b91f19fe95ef055","5219978","0.34210526315789475","0"
"601.541528239203","8.340909090909092","0.16975324675324643","0.11989100817438691","0.6","6","20","false","30fa0d244b4b3d3a8e535d045c452197","30fa0d244b4b3d3a8e535d045c452197","0","6.5","0","6","30fa0d244b4b3d3a8e535d045c452197","0","6","0.3326446280991735","1","false","0","30fa0d244b4b3d3a8e535d045c452197","5219978","0.34210526315789475","0"
"12.8101761252446","10.386363636363637","0.025432900432900522","0.0962800875273523","0.7","5","26","false","a30625baf4b46cb91921f0886a662d52","a30625baf4b46cb91921f0886a662d52","0","4.6","0","5","a30625baf4b46cb91921f0886a662d52","0","5","0.14669421487603304","1","false","0","a30625baf4b46cb91921f0886a662d52","384184","0.5111111111111111","0"
"22.6990291262136","10.386363636363637","0.025432900432900522","0.0962800875273523","0.7","5","26","false","298f0d91c74ec7c6dde83b0ee1b4781a","298f0d91c74ec7c6dde83b0ee1b4781a","0","4.6","0","5","298f0d91c74ec7c6dde83b0ee1b4781a","0","5","0.14669421487603304","1","false","0","298f0d91c74ec7c6dde83b0ee1b4781a","384184","0.5111111111111111","0"
"83.24293785310738","11.397727272727273","0.01681818181818182","0.08773678963110668","0.4666666666666667","6","27","false","3006697e6cab180fd19f5f376efcb427","3006697e6cab180fd19f5f376efcb427","0","3.6666666666666665","0","6","3006697e6cab180fd19f5f376efcb427","0","6","0.05475206611570242","2","false","0","3006697e6cab180fd19f5f376efcb427","209776","0.5238095238095238","0"
"45.663829787234","11.397727272727273","0.01681818181818182","0.08773678963110668","0.4666666666666667","6","27","false","455c3191046ab64147e5448eb2ef789b","455c3191046ab64147e5448eb2ef789b","0","3.6666666666666665","0","6","455c3191046ab64147e5448eb2ef789b","0","6","0.05475206611570242","2","false","0","455c3191046ab64147e5448eb2ef789b","209776","0.5238095238095238","0"
"3.42490842490842","10.386363636363637","0.025432900432900522","0.0962800875273523","0.7","5","26","false","afcefbca72c6938496281f9f923a257d","afcefbca72c6938496281f9f923a257d","0","4.6","0","5","afcefbca72c6938496281f9f923a257d","0","5","0.14669421487603304","1","false","0","afcefbca72c6938496281f9f923a257d","384184","0.5111111111111111","0"
"17.47598253275105","9.482954545454545","0.10779220779220779","0.10545236668663871","0.5","4","25","false","893b082ca4ff28514dc30e3f37c8533c","893b082ca4ff28514dc30e3f37c8533c","0","5.75","0","4","893b082ca4ff28514dc30e3f37c8533c","0","4","0.22882231404958683","2","false","0","893b082ca4ff28514dc30e3f37c8533c","1257192","0.4583333333333333","0"
